battery_power,clock_speed,dual_sim,int_memory,n_cores,px_height,px_width,ram,touch_screen,wifi,price_range
842,2.2,0,7,2,20,756,2549,0,1,1
1021,0.5,1,53,3,905,1988,2631,1,0,2
563,0.5,1,41,5,1263,1716,2603,1,0,2
615,2.5,0,10,6,1216,1786,2769,0,0,2
1821,1.2,0,44,2,1208,1212,1411,1,0,1
1859,0.5,1,22,1,1004,1654,1067,0,0,1
1821,1.7,0,10,8,381,1018,3220,0,1,3
1954,0.5,1,24,4,512,1149,700,1,1,0
1445,0.5,0,53,7,386,836,1099,0,0,0
509,0.6,1,9,5,1137,1224,513,0,0,0
769,2.9,1,9,5,248,874,3946,0,0,3
1520,2.2,0,33,8,151,1005,3826,1,1,3
1815,2.8,0,33,4,607,748,1482,0,0,1
803,2.1,0,17,4,344,1440,2680,0,1,2
1866,0.5,0,52,1,356,563,373,0,1,0
775,1,0,46,2,862,1864,568,1,1,0
838,0.5,0,13,8,984,1850,3554,0,1,3
595,0.9,1,23,3,441,810,3752,1,0,3
1131,0.5,1,49,5,658,878,1835,1,0,1
682,0.5,0,19,4,902,1064,2337,1,1,1
772,1.1,1,39,7,1314,1854,2819,1,0,3
1709,2.1,0,13,2,974,1385,3283,0,0,3
1949,2.6,1,47,4,407,822,1433,0,1,1
1602,2.8,1,38,3,466,788,1037,0,0,0
503,1.2,1,8,3,201,1245,2583,0,0,1
961,1.4,1,57,8,291,1434,2782,1,1,2
519,1.6,1,51,4,550,645,3763,0,1,3
956,0.5,0,41,7,511,1075,3286,1,0,3
1453,1.6,1,52,2,187,1311,2373,1,1,2
851,0.5,0,21,5,1171,1263,478,0,1,0
1579,0.5,1,5,7,1358,1739,3532,0,1,3
1568,0.5,0,33,8,413,654,508,1,1,0
1319,0.9,0,41,1,85,1152,2227,1,1,1
1310,2.2,1,51,4,178,1919,3845,1,0,3
644,2.7,0,22,8,311,881,1262,0,0,0
725,1.3,1,60,8,1134,1249,1326,0,0,1
589,2.3,1,61,4,429,815,2113,0,1,1
1725,1.6,1,6,2,609,1307,3429,1,0,3
790,2,1,11,6,347,730,3169,0,1,2
560,0.5,1,50,2,1448,1613,2150,1,0,2
1347,2.9,0,44,1,434,967,2484,0,1,2
1646,2.3,0,41,2,1725,1932,3339,1,0,3
1253,0.5,1,5,2,685,714,1878,1,0,1
1656,1,0,34,3,880,1456,1629,1,0,1
1195,2.8,0,20,2,1580,1652,504,1,0,0
1514,2.9,0,27,3,186,1810,1152,1,1,1
1723,1.1,1,42,8,202,1791,3587,0,0,3
1054,1.8,1,40,7,27,774,2296,0,1,1
578,2.6,1,57,8,1025,1433,1270,0,1,0
596,2.1,1,64,8,885,1854,3238,0,0,3
1547,3,1,14,3,1042,1832,2059,0,1,2
1760,1.4,1,63,8,1382,1383,2053,1,0,2
1654,1.5,1,43,2,546,629,3112,1,0,3
1457,1.9,1,16,3,1013,1287,1440,0,1,1
1073,0.5,1,51,7,690,804,2908,1,0,2
1936,2.1,1,46,3,667,1036,2552,0,0,2
823,2.7,1,60,8,822,1449,905,1,1,0
987,1.3,1,61,3,581,820,3963,0,1,3
1757,0.5,0,49,6,265,713,2056,0,0,1
1063,1.4,1,48,5,127,683,2910,1,1,2
1484,3,0,12,3,916,969,1457,1,0,1
799,2.3,0,63,8,361,975,431,1,1,0
1156,1.2,1,50,2,322,547,470,1,0,0
1720,2,0,55,2,753,1353,2148,1,1,2
702,2.6,1,9,3,504,1570,2955,0,0,2
616,1.9,1,44,3,651,1618,3366,1,0,3
1358,0.5,0,36,4,1565,1858,3068,1,0,3
1866,1.4,0,30,3,108,1781,3834,0,0,3
1242,1.1,1,10,2,459,1225,1050,0,1,0
1166,1.5,1,43,4,205,603,3993,1,0,3
1448,0.5,1,45,7,570,1724,3378,1,1,3
1407,2.4,0,22,4,1172,1217,2192,0,1,2
605,1,0,9,3,160,1026,392,0,0,0
1038,1.2,0,43,1,4,638,3709,1,1,3
797,2.9,1,38,4,763,1413,590,1,0,0
819,0.6,1,42,6,339,1242,1814,0,1,1
1114,2.8,0,9,3,1040,1071,907,1,0,0
1234,1.6,1,33,1,166,778,1449,0,1,0
1199,2.5,1,16,4,1168,1552,3448,0,1,3
1103,1,1,29,6,990,1486,1837,1,1,1
1589,0.6,1,58,7,319,1206,3464,1,1,3
999,2.9,1,64,4,1397,1616,2593,1,0,2
1510,0.9,1,45,5,708,1752,3484,1,1,3
1008,0.8,0,61,3,1077,1122,2009,0,0,1
1127,2.9,1,57,1,928,1049,2048,1,1,1
1412,2.4,0,25,8,516,1894,837,0,1,1
1496,2,1,42,5,96,741,854,1,1,0
1083,2.9,1,64,3,1025,1118,3210,0,0,3
668,0.5,1,3,5,666,1203,2746,1,1,2
1309,1.1,1,33,4,557,1402,2334,0,1,2
1724,2,1,57,3,1605,1924,2822,1,0,3
1977,2,1,54,7,1226,1242,1971,1,0,2
885,2.3,1,15,7,769,802,1410,1,1,0
879,2.5,0,14,6,403,1105,349,0,1,0
1322,1.7,1,7,3,177,1990,1418,1,0,1
1137,1,0,7,3,942,1179,3616,1,1,3
1355,2.3,0,23,5,651,891,880,1,0,0
1665,0.5,0,60,6,1572,1684,1601,0,0,2
657,2.5,0,37,2,476,961,1412,1,0,0
593,0.5,0,31,7,1233,1317,1692,0,0,1
1883,0.5,0,10,6,836,1739,2600,0,0,3
1732,1.1,0,12,8,824,881,1308,0,1,1
543,0.5,0,57,5,391,984,2413,0,0,1
1939,2.8,1,55,4,320,520,1047,1,0,0
553,2.4,1,8,7,325,902,1204,1,1,0
832,0.7,1,39,4,125,1504,1799,0,1,1
1661,1.9,1,23,5,846,1634,2676,1,1,3
1657,2.4,0,42,5,1770,1796,2597,0,0,3
1135,2,1,46,1,293,1846,3029,1,1,3
1775,1.5,0,41,1,1633,1869,2343,1,1,3
783,1.8,1,43,3,1198,1471,2016,1,0,1
617,2.3,0,32,7,768,874,2213,0,0,1
867,1.4,1,4,6,70,1974,790,1,0,0
1310,1.1,1,7,5,117,513,3182,1,0,2
1804,0.5,0,22,7,1158,1244,3472,0,1,3
1900,2.3,0,18,7,1055,1661,2871,1,1,3
909,1.4,0,53,8,635,973,3187,0,0,2
1084,2.6,0,40,3,322,771,1945,1,0,1
1308,1.3,1,46,1,275,989,488,1,0,0
1778,0.5,0,15,3,1445,1954,1214,0,0,1
1701,1.6,1,10,8,550,1338,2598,1,0,2
772,2.4,1,10,4,1242,1712,3242,1,0,3
825,0.5,1,52,3,597,863,3534,1,0,3
1379,1.1,0,36,2,538,1376,3426,1,1,3
1166,2,0,25,5,59,1203,2488,0,0,2
1659,2.8,0,16,1,819,902,3255,0,1,3
826,2.4,1,58,4,179,786,2863,0,1,2
1564,2.3,0,25,6,1259,1965,1496,1,1,1
1957,0.9,1,31,3,396,1732,3801,0,1,3
1571,1.4,0,19,6,713,1398,666,1,0,0
1414,2,1,54,7,262,829,3799,0,1,3
1790,2.5,1,2,1,622,792,1366,1,1,1
645,0.5,0,41,7,327,580,2962,1,1,2
668,2.9,1,30,8,522,1056,2399,1,1,1
1652,1.1,1,36,4,313,1264,2338,0,0,2
1213,0.5,0,16,5,226,1248,2700,0,1,2
1272,2.5,1,22,6,605,669,2235,0,0,1
866,0.5,1,46,8,692,1686,3825,1,1,3
536,2.4,1,3,7,1386,1539,284,1,0,0
523,2.6,1,14,8,304,1042,1427,1,0,0
1753,0.5,1,31,1,1590,1926,1324,0,1,2
1218,1.8,1,14,3,229,616,398,0,0,0
1537,2.5,0,43,1,839,1131,3685,1,1,3
786,2.2,1,33,7,507,1697,2390,0,1,2
1678,2.1,0,64,3,436,536,278,1,0,0
1814,1.4,1,9,2,756,786,3556,0,0,3
1101,1.8,0,31,2,387,1269,2196,1,1,1
1461,2.4,1,40,7,1265,1298,3799,0,0,3
1216,3,0,47,3,1852,1967,2268,1,1,2
506,1.6,0,41,1,875,1025,2965,0,0,2
843,0.5,0,56,5,140,800,2341,1,1,1
742,2.2,1,56,7,577,1359,3557,1,1,3
1692,2.1,0,61,6,975,1996,1354,0,0,1
1485,1,0,32,2,510,1013,2147,1,0,2
1547,2.9,1,45,2,583,590,505,1,1,0
1692,2.3,1,46,1,674,1925,1394,1,0,1
637,2.3,0,60,4,1125,1989,374,0,1,0
1224,0.5,0,6,6,747,826,506,1,1,0
1356,2.8,0,29,6,1612,1983,3702,0,0,3
1840,0.5,1,34,1,311,1545,1078,0,0,1
1481,0.7,1,37,5,116,1533,2945,1,1,2
961,1.5,1,51,6,554,621,2981,1,1,2
1296,0.9,1,14,5,811,1272,490,1,1,0
1193,0.9,0,26,1,730,1729,536,0,1,0
1441,2.1,1,3,8,577,1071,2317,0,1,2
517,1.4,1,33,4,660,974,3704,0,1,3
748,1.7,0,27,8,450,1554,2126,0,0,1
1126,2.4,0,10,6,1223,1611,2050,1,1,2
1572,0.6,0,58,7,1109,1937,2462,0,0,3
1569,2.8,1,44,4,45,1942,1260,0,0,1
1270,0.6,1,32,7,299,845,3770,1,0,3
1854,3,0,8,5,506,627,1886,1,0,1
625,1.2,1,10,4,635,842,3323,1,1,2
1577,0.5,1,42,5,1045,1737,2060,0,0,2
534,0.5,1,16,5,393,1199,3926,0,0,3
946,1.7,1,25,6,650,1740,2177,1,1,2
685,0.5,0,29,7,433,648,728,0,1,0
1949,1.3,1,23,5,839,1136,2478,0,0,3
947,0.8,1,22,2,1176,1220,2842,0,0,2
801,2.2,1,63,7,650,879,1617,0,1,1
703,2.7,0,30,1,218,1065,1472,0,0,0
1165,2.4,0,41,6,564,831,764,0,0,0
1082,0.8,0,38,8,986,1191,2337,1,1,2
959,2.6,1,20,4,561,1631,3965,0,0,3
1502,1.2,0,54,5,65,588,3693,1,0,3
1380,2.1,1,4,3,420,500,797,1,0,0
1266,0.5,0,5,6,1365,1698,1687,0,0,2
1934,2.6,1,46,1,619,1299,2940,1,1,3
1905,0.5,0,6,1,849,898,1545,1,0,1
1831,1.4,1,43,5,611,1381,3834,1,1,3
596,1.4,0,46,1,953,984,2505,1,0,1
1562,1.3,1,7,5,642,1533,2243,0,0,2
1490,0.5,1,64,8,1417,1464,3600,1,1,3
1523,2.4,0,57,2,247,539,3971,1,1,3
640,0.6,0,20,4,710,1179,2844,1,0,2
1526,2.1,0,23,7,718,751,2227,1,0,2
1989,2.5,1,41,3,1100,1497,1665,1,1,2
1308,1.9,0,61,3,59,1215,3355,0,1,3
609,0.5,0,26,4,938,1948,1866,1,1,1
1905,0.6,1,36,3,825,1542,1287,0,0,1
1703,0.5,0,22,1,286,1235,1046,0,1,0
1445,2.4,1,20,7,1273,1345,1441,1,1,1
1087,1.3,0,16,3,295,589,690,0,1,0
671,0.9,1,30,7,852,1182,2504,0,0,2
1472,2.3,0,61,6,710,1052,2677,0,0,2
765,0.5,1,47,8,1277,1429,2243,0,1,2
1642,0.5,1,8,6,129,873,2984,0,1,2
1265,1.5,0,49,5,690,836,1362,0,1,1
664,1.1,1,51,7,701,1478,3629,1,1,3
1277,0.5,1,35,6,309,1460,3559,1,0,3
1395,1.8,1,23,3,213,705,2571,0,1,2
1539,2.6,0,41,8,1112,1666,2107,0,1,2
1049,2.2,0,63,5,199,1077,1022,0,0,0
1827,1.7,0,39,5,55,1020,2844,1,0,2
903,1,1,50,1,1230,1235,711,1,0,0
1987,0.5,0,53,3,1052,1516,3117,1,1,3
1154,1.2,1,49,8,541,1499,978,0,1,0
1336,0.9,0,17,5,55,583,1869,1,1,1
1886,0.5,0,24,3,809,1958,1179,0,1,1
1551,1.1,0,51,5,1738,1995,3844,1,0,3
850,1.6,1,29,5,404,642,593,0,1,0
660,0.5,0,40,2,262,1178,588,1,1,0
1225,2.1,1,13,4,759,1404,3836,0,0,3
1452,0.5,1,25,6,42,1040,2669,0,0,2
1686,2.8,1,38,4,397,1453,2958,0,0,3
1634,1.4,0,17,2,964,1677,3031,1,1,3
1708,2.4,1,49,1,233,517,3388,1,1,3
1151,2.9,1,31,8,1022,1560,2377,1,0,2
1578,1.9,1,37,4,411,1226,2458,0,1,2
1689,1.8,0,24,3,954,1200,2766,1,1,3
1488,0.5,0,39,5,1528,1647,3054,0,0,3
1313,1.8,1,9,1,416,1308,3791,1,1,3
1715,1,1,31,8,638,1615,625,0,0,0
1442,1,1,27,3,231,687,2227,1,0,1
528,1.7,0,6,2,574,637,3256,1,0,2
1523,1.8,0,11,1,148,1606,707,1,0,0
1133,1.4,0,42,5,730,1543,1457,0,1,1
1718,2.5,1,6,5,564,980,3755,1,1,3
1330,0.5,0,38,7,1290,1441,1733,0,1,1
1799,0.5,0,49,4,632,1383,720,1,1,0
633,2.2,0,49,8,529,1009,3560,1,1,2
724,2.7,1,44,7,1273,1754,2311,0,0,2
822,0.5,0,51,6,667,860,3846,0,0,3
1918,1.9,0,10,5,1170,1543,1717,1,1,2
1891,2.8,0,37,7,169,1108,3704,0,0,3
1373,1,1,50,7,105,673,3800,0,0,3
862,0.8,1,23,2,793,1758,278,0,1,0
1273,1,0,48,4,490,886,1767,1,0,1
957,2.5,0,7,5,1201,1485,1846,0,1,1
1617,1.3,1,30,2,246,1038,829,0,0,0
893,2.5,1,55,2,417,946,2986,1,1,2
1210,0.5,0,63,5,1177,1462,2394,0,0,2
708,2.7,1,63,8,78,654,2169,1,1,1
835,1.1,1,7,4,323,1604,1181,1,1,0
1450,2.7,1,19,1,707,1882,575,0,0,0
973,1.5,0,57,7,457,1816,2977,0,0,2
601,1.4,0,4,4,356,765,532,1,1,0
507,0.5,1,32,7,936,1398,1702,1,1,1
564,1.8,1,51,3,912,1980,1074,1,0,0
1559,1.6,1,6,6,179,1559,3352,1,1,3
754,0.5,1,59,7,1914,1928,1027,0,0,1
728,2.7,1,25,4,526,1529,2039,1,1,1
1431,0.5,0,56,1,156,952,461,0,0,0
767,1.5,0,28,4,344,1517,527,1,0,0
1722,2.6,0,18,2,865,1741,3271,0,1,3
1992,1.6,0,57,2,1552,1596,606,1,1,1
1876,0.5,0,40,6,546,1564,2513,1,0,3
1054,1.1,1,38,6,1097,1222,1675,1,1,1
1283,1.6,1,47,5,372,692,2698,1,0,2
1281,2.3,1,28,1,1285,1617,1129,1,0,1
1066,0.6,0,7,7,1242,1571,468,1,0,0
730,2.1,1,4,8,302,1247,1210,1,1,0
1053,0.8,1,45,1,594,1767,3086,1,1,3
1611,0.5,1,3,3,303,714,1595,0,1,1
793,1,1,30,2,1858,1935,2332,1,1,2
1220,2.9,0,62,4,403,1933,2589,1,1,2
1662,0.5,0,61,4,32,1509,3760,1,1,3
1281,2.8,1,8,4,590,954,1851,1,0,1
538,0.8,0,2,7,235,662,417,0,1,0
823,0.5,0,39,8,630,888,294,0,1,0
1733,2.8,0,36,6,357,527,3576,0,0,3
1429,1.5,1,40,3,246,820,3945,0,1,3
1839,1.2,0,54,7,475,1493,927,0,1,1
659,2.7,0,6,3,1054,1929,2044,0,1,1
1953,2.1,1,56,8,555,764,2334,0,0,2
1172,1.9,0,27,1,607,1092,1477,0,0,1
612,1.9,1,16,7,1360,1891,3161,0,0,3
1563,2.4,0,24,8,142,1699,3660,1,0,3
1191,1.3,1,26,1,681,683,1604,0,1,1
615,0.5,1,42,6,104,1664,2211,0,1,1
1893,2.1,1,63,2,637,763,3822,1,1,3
1563,1.7,1,16,7,410,572,3922,0,1,3
1995,1.9,0,9,6,1830,1963,1203,1,1,2
1517,0.5,0,48,5,802,1489,2822,1,1,3
832,1.6,1,34,5,311,1294,447,1,0,0
1162,2,0,56,7,56,997,1652,0,0,1
1595,2.6,0,12,8,344,655,3608,1,0,3
1329,1,0,52,6,1053,1458,1228,0,1,1
928,0.5,1,56,8,221,1243,666,1,0,0
1656,0.5,1,38,7,506,519,1499,0,1,1
1937,1.7,0,58,1,1728,1767,3321,1,0,3
977,1.1,1,57,6,63,566,1206,1,1,0
768,0.9,0,56,1,418,515,952,0,1,0
1464,0.5,1,12,2,854,1168,3927,1,1,3
1177,0.9,0,29,2,178,882,311,0,0,0
1348,2,0,52,3,1869,1942,955,1,1,1
1956,2.2,0,37,3,185,776,1109,1,0,1
1751,0.5,1,8,6,170,564,2969,0,1,2
1530,2,0,42,6,454,1975,725,0,1,0
1997,1.8,1,40,4,866,1212,1655,0,0,2
1414,1.5,1,44,2,44,1118,3490,1,0,3
1707,1.4,0,41,7,1331,1388,1774,0,0,2
894,0.5,1,50,3,1285,1462,3615,0,1,3
645,1.2,0,41,8,741,1130,714,1,0,0
1163,2.8,1,49,2,520,754,2768,0,1,2
1126,0.7,0,49,8,114,1726,3739,0,0,3
1648,0.7,0,64,4,1153,1876,610,1,0,1
1170,0.9,0,14,2,474,709,715,0,1,0
508,0.8,0,42,1,39,557,663,0,0,0
1097,2.1,1,64,3,419,1914,1725,0,1,1
728,1.7,1,5,2,584,775,834,1,0,0
1980,0.5,1,29,1,312,1910,3865,0,0,3
1504,2.3,1,64,1,19,1923,3059,1,0,3
1379,2.1,1,63,1,207,1370,651,1,0,0
1698,2.1,0,18,6,363,994,796,0,1,0
920,2.1,1,25,7,209,1078,785,1,1,0
1144,1.5,1,21,1,159,724,3252,0,0,2
1995,0.5,0,26,1,649,1104,1322,1,1,1
1430,0.5,1,27,1,1132,1182,2832,1,1,2
972,0.5,1,13,5,1392,1795,1615,1,0,1
662,0.5,0,20,1,1001,1224,2125,1,1,1
1867,2.3,0,9,6,712,1442,990,0,1,1
1730,2,1,20,4,418,1023,1595,1,0,1
1723,1,0,7,3,384,1361,1213,1,1,1
1882,1.3,1,47,2,119,652,2500,0,1,2
803,0.8,1,18,4,627,935,2801,1,0,2
580,1.2,1,47,3,1086,1345,3451,1,0,3
668,2.3,0,48,1,195,1292,1201,1,0,0
1391,1.4,0,36,1,14,1256,3139,1,0,2
1560,2.3,0,22,7,745,1364,1938,1,1,2
821,1.8,1,54,3,253,1786,3185,0,0,2
811,2.4,1,2,6,333,1429,2111,0,1,1
1989,2.9,1,17,8,629,682,2369,1,0,2
1034,2.7,1,37,7,707,1199,3625,1,1,3
618,2.1,0,6,1,1314,1688,1051,0,1,0
654,1.3,0,52,4,1715,1898,1036,0,0,1
576,2.8,0,10,5,513,1438,2938,1,1,2
667,0.6,0,3,6,13,1463,2855,0,1,2
869,1,0,57,1,1243,1584,2727,0,0,2
635,0.5,1,42,3,300,1059,2973,0,1,2
609,3,0,44,1,58,1253,2581,0,1,1
1557,2.8,1,2,5,1107,1442,2690,0,1,3
1604,1.7,0,33,8,134,939,916,1,1,0
1182,0.5,0,8,8,275,986,2563,0,0,2
848,2.1,1,19,7,176,1029,3359,0,0,2
1610,2.9,0,64,4,1236,1280,941,1,0,1
1828,2.1,1,17,1,336,898,2280,0,0,2
880,2,1,50,7,1116,1381,827,0,1,0
1394,0.9,1,62,5,1010,1565,473,1,0,0
1960,2.3,1,61,7,205,1299,3865,0,0,3
809,0.8,0,21,7,1453,1726,1274,0,0,1
899,0.5,1,57,2,788,1331,364,1,0,0
1976,0.7,1,32,2,1301,1922,3699,1,1,3
879,1.5,1,21,4,463,1038,2927,0,1,2
916,2.6,0,36,4,188,992,1470,1,0,0
763,1.7,1,2,8,1028,1186,1050,1,0,0
508,1.6,1,9,6,1419,1920,2616,1,1,2
825,2.9,1,34,8,1471,1866,2915,1,0,3
1864,1.4,0,46,1,168,981,2686,1,1,2
1725,0.5,1,52,6,1125,1195,1243,1,1,1
1108,2.9,0,52,2,130,1706,3264,1,1,3
1011,1.1,0,36,7,481,749,2261,1,1,1
1703,1.5,1,55,5,1411,1711,2993,1,1,3
1067,1.7,1,58,7,79,681,706,1,0,0
1334,2.4,0,42,5,1187,1974,2542,0,0,3
775,2.6,0,30,7,561,1510,2523,0,1,2
1899,0.6,0,26,2,96,814,336,0,1,0
930,1.3,1,14,6,77,1025,2457,1,0,1
1058,1.5,0,19,4,493,1247,418,0,1,0
1187,2.2,0,46,2,1173,1814,3917,0,1,3
1874,2.7,1,8,7,964,1233,1246,0,1,1
1482,0.5,0,48,7,634,642,2971,1,1,2
1809,1.7,0,59,3,639,721,2324,0,1,2
864,3,1,54,2,127,1670,3121,1,1,2
625,1.9,0,33,1,431,550,3801,0,0,2
1880,1.8,0,18,3,71,699,3333,0,0,3
1138,1.4,0,44,8,111,1138,3475,0,0,3
560,0.5,0,23,8,356,1903,2360,1,1,1
1117,0.5,0,12,7,798,817,2895,1,0,2
1712,1.4,0,63,7,747,1126,3652,0,0,3
1836,1.7,1,26,6,408,1139,3097,1,0,3
1036,2.4,0,39,7,373,926,2101,1,0,1
1860,2.3,0,23,4,1362,1506,3918,1,0,3
1375,1.1,0,9,7,475,726,3869,1,1,3
1945,1.6,1,57,4,743,1753,732,1,0,1
1896,0.5,1,7,2,447,794,3684,0,0,3
788,2.5,1,57,8,42,1161,3969,1,1,3
880,1.7,1,33,2,30,1350,1414,1,0,0
1323,2.5,1,28,4,162,619,1892,1,1,1
1868,2,1,42,1,347,660,3131,1,1,3
1266,1.9,1,7,3,346,1468,2532,1,1,2
1042,2.7,1,50,7,727,1705,3215,1,1,3
1479,0.5,0,19,3,180,1476,3323,0,1,3
1476,1.2,1,55,4,1641,1666,1529,0,1,2
1552,2.2,0,13,6,269,1026,2403,1,1,2
1454,0.5,1,34,4,250,1033,3419,1,0,3
1007,2,0,45,5,1186,1529,3648,0,0,3
652,2.4,1,17,5,77,559,1974,0,0,0
1504,1.5,0,34,8,507,973,2806,0,1,2
1726,0.9,1,51,4,379,1223,2239,0,1,2
1029,1.9,1,5,5,264,956,582,1,1,0
1582,2.8,0,44,6,1486,1797,3890,1,1,3
1478,0.8,1,48,5,694,882,1141,0,1,1
1178,1.3,0,49,5,579,596,2511,0,0,2
707,2.1,1,25,3,495,574,3838,0,1,3
755,2.8,0,51,4,315,990,2734,0,1,2
912,2,0,54,8,329,1053,2330,1,0,1
651,0.8,1,63,5,548,858,2244,1,0,1
1483,2.1,0,54,7,531,758,1851,1,0,1
914,0.9,0,4,2,191,1495,808,1,0,0
1456,0.5,1,7,5,823,1104,1587,0,1,1
1178,2.2,1,57,3,96,1352,2492,1,0,2
1503,0.7,0,43,4,841,1304,2122,0,0,2
1681,2.5,0,11,2,195,1205,1122,1,1,0
715,2.3,1,48,4,21,562,3709,0,0,2
1876,2.8,1,56,3,235,585,3021,0,0,2
1190,2.2,1,47,6,1417,1441,624,1,1,0
1755,1.3,0,24,7,286,1075,3937,0,1,3
1197,1.3,0,20,6,649,1629,1797,1,1,1
1048,0.9,0,28,2,966,1975,1458,0,1,1
1887,3,1,17,8,1172,1798,3348,1,0,3
1772,0.5,1,64,8,270,545,1834,1,1,1
1421,2.8,0,57,1,781,1657,2775,0,1,3
1464,0.5,1,17,6,418,1341,1277,0,0,1
728,2.3,1,23,4,126,817,457,1,1,0
954,0.5,0,50,2,228,1058,438,0,0,0
685,0.5,1,13,7,1091,1203,3210,1,1,3
1472,2.8,1,36,6,1452,1744,985,1,0,1
853,2,0,3,2,674,740,3701,1,0,3
1469,2.1,0,8,7,398,1133,1052,1,0,0
1310,2.3,1,57,8,449,889,1175,0,0,0
1654,1.8,0,11,7,1184,1719,1070,1,1,1
902,0.7,0,3,7,675,1285,3411,0,1,3
1448,1.4,1,26,3,1792,1850,1175,1,0,1
1631,0.9,1,3,7,177,1905,301,0,0,0
1608,1.8,1,28,2,1013,1158,489,0,1,0
1991,2.7,0,64,2,1058,1325,1733,1,0,2
1349,2,1,62,5,592,772,2756,0,0,2
1589,2.5,0,51,1,810,1743,2612,0,0,2
1844,2.3,1,51,8,533,882,1724,1,1,1
712,0.5,1,35,2,558,1208,2190,1,1,1
972,1.7,0,54,3,681,1050,1900,0,1,1
1406,0.5,1,34,3,1017,1366,3915,0,1,3
1289,0.9,0,25,6,765,899,1043,1,0,0
932,1.3,0,64,7,1176,1224,3817,1,1,3
1747,0.9,0,48,3,947,1131,2362,1,0,2
1172,2.1,1,41,3,1314,1884,1107,0,0,1
1128,1.4,0,53,5,609,1370,2982,1,0,3
664,1.2,1,28,5,754,1497,2042,1,0,1
513,0.5,0,44,4,619,867,1343,1,0,0
1742,2.3,1,43,7,453,681,2610,0,1,2
1512,1.7,0,6,7,205,884,2335,1,1,2
1986,0.5,1,51,8,282,1358,1614,1,1,1
965,1.5,1,13,2,130,998,1138,1,0,0
1067,2.4,1,40,8,494,1989,604,0,0,0
1583,1.6,0,42,3,275,862,3652,0,0,3
1653,0.5,1,37,4,447,1785,3955,1,1,3
1433,1.6,0,4,8,281,799,258,1,1,0
765,2.9,0,18,7,6,793,1066,1,0,0
1845,0.5,1,61,1,292,695,1731,0,0,1
752,0.5,1,48,7,164,728,3860,0,0,3
1948,2.8,1,16,5,631,1940,3630,1,0,3
1077,2.5,1,45,3,897,1304,1965,1,0,1
932,0.5,0,60,4,268,1078,1459,1,0,0
1968,0.9,0,22,3,861,1259,2323,0,1,2
1122,1.2,0,2,4,331,790,3291,1,1,2
1588,0.5,0,61,1,1064,1594,3272,1,0,3
601,2.1,0,26,4,509,548,918,0,0,0
1615,0.5,0,15,4,622,1256,3488,0,1,3
1589,2.2,1,58,4,957,1911,3961,0,1,3
1417,2.7,0,56,6,494,1649,590,0,1,0
1697,0.7,0,34,1,236,1264,3701,1,0,3
1330,1.3,1,3,5,980,1262,463,0,1,0
1476,0.5,0,43,2,1789,1972,3644,0,1,3
1579,1.5,0,27,6,831,1484,1713,1,1,1
1277,3,0,41,4,902,1090,429,1,1,0
1089,0.9,1,2,5,636,1259,2765,0,1,2
1663,2.5,1,27,4,831,1439,2084,0,0,2
1949,1.8,0,20,5,518,592,1125,0,0,1
1138,1.1,0,48,3,233,1777,2048,1,1,2
685,2.7,0,17,6,725,870,1223,0,1,0
1889,2.8,0,31,1,170,1106,3672,1,1,3
857,2,1,17,7,157,948,3100,1,0,2
1902,2.8,1,50,8,1142,1393,343,1,0,0
1225,2.4,0,15,5,840,982,1970,1,0,1
1066,1.6,0,39,5,401,1586,2728,1,1,2
1554,0.5,1,5,3,395,1579,3635,0,0,3
1337,0.5,0,31,2,48,644,2180,0,1,1
1926,1.7,1,33,3,982,1157,2488,0,0,2
869,1.3,1,34,2,478,539,3864,0,0,3
1278,0.5,1,54,8,581,750,1155,0,1,0
1773,2.5,0,32,6,1215,1472,3566,0,1,3
1661,0.8,1,6,7,594,1337,864,0,1,1
1438,2.2,0,32,7,683,1663,869,1,1,0
1661,1.4,0,29,2,536,861,591,1,1,0
1846,0.6,0,19,1,83,773,1333,1,1,1
1260,2,1,23,7,905,1313,2208,0,1,2
512,0.5,1,15,3,249,1849,2610,1,1,2
581,2.2,0,59,5,803,1613,2819,0,1,2
1872,2.3,0,44,3,459,1259,1955,0,1,2
687,1.3,0,50,4,584,1151,3416,1,0,3
1062,2.5,1,10,1,1596,1807,3803,0,1,3
1678,2.3,1,7,1,418,1763,574,0,0,0
1417,0.5,0,45,4,364,1029,2129,0,1,1
1074,2.4,1,9,6,946,952,1948,1,1,1
1832,0.7,0,2,7,186,654,2978,0,0,2
1039,1.3,0,12,8,1428,1827,1619,1,1,1
1059,2.4,0,61,3,1613,1916,3716,1,0,3
1606,1.4,0,57,4,1127,1924,3454,0,1,3
1928,1.8,0,19,3,691,1580,3777,1,1,3
1875,0.5,1,55,1,1802,1942,2712,0,1,3
1128,1.1,0,46,8,751,1582,1434,0,0,1
1748,1.7,1,14,3,859,1234,3968,0,1,3
1413,0.5,1,51,5,187,517,3383,0,0,3
825,0.5,1,23,2,206,1917,3278,0,1,3
1589,1.4,0,26,8,1673,1759,3970,0,1,3
535,0.5,1,54,8,710,939,2674,0,0,2
1780,0.5,0,27,4,1331,1463,2776,1,1,3
1671,0.6,1,61,2,263,848,2336,0,0,2
1821,0.9,0,12,1,97,1803,2430,1,1,2
1076,2.6,0,38,6,129,915,891,1,0,0
532,0.8,1,8,5,1213,1354,728,1,0,0
777,2.6,0,30,5,189,1143,3886,0,0,3
1217,0.5,0,17,4,628,632,1711,0,1,1
1656,1.6,1,16,7,320,899,2856,1,1,2
1185,1.9,0,31,8,837,1642,2447,1,1,2
577,2.4,0,37,6,1087,1450,814,1,1,0
737,2.4,1,49,4,781,1463,2951,1,0,2
704,2.2,1,53,6,251,1013,3653,1,1,2
525,0.5,1,51,8,262,1587,1891,1,0,1
504,0.5,1,16,1,767,1665,701,0,1,0
793,1.2,1,38,4,1226,1815,3139,1,1,3
569,0.6,1,39,8,389,739,2811,0,1,1
1590,1.9,1,21,5,920,963,1701,0,1,1
707,0.5,0,16,2,1027,1508,1853,1,1,1
767,1.9,0,19,6,271,1000,2445,1,1,1
1350,0.5,1,50,8,369,544,2287,1,0,1
1117,0.6,1,31,2,1258,1627,2003,1,1,2
641,1.1,0,7,1,417,759,3595,1,1,2
1002,0.8,1,35,2,1345,1416,1726,0,1,1
1408,2.1,1,45,5,613,1088,3952,0,1,3
1900,2,1,41,8,912,1596,850,1,1,1
726,2.9,0,43,8,666,760,1446,1,0,0
1544,2.3,0,45,8,236,857,1300,1,0,1
1454,1.6,0,21,4,186,1100,719,1,1,0
1230,2.2,1,26,5,416,676,988,1,1,0
1552,1.2,0,53,8,430,658,2606,0,0,2
1519,2.1,0,32,1,168,1239,2912,1,0,2
723,1.9,0,30,1,1467,1901,2339,1,1,2
1191,2.4,1,13,1,179,1813,1028,1,1,0
1168,1.3,0,61,8,159,1578,3173,0,1,3
1229,0.5,1,14,2,120,1878,1667,0,1,1
1758,0.5,0,13,8,762,1864,1897,0,0,2
1290,0.5,0,3,6,600,1109,1214,1,1,1
574,2.8,1,38,6,286,1171,3269,1,0,2
1271,0.5,0,32,7,1350,1949,445,0,1,0
1170,1.2,0,30,8,27,1722,1073,1,0,0
1269,1.3,0,52,2,1597,1920,665,0,0,1
1288,2.8,1,50,2,1177,1809,3129,0,0,3
1366,0.7,1,34,2,402,964,3501,0,0,3
1572,0.8,1,8,5,577,1237,3461,1,1,3
1627,0.9,1,32,6,52,1082,3206,1,0,3
1701,0.5,0,46,2,364,828,3717,1,0,3
1900,0.5,1,55,1,934,1241,3917,0,1,3
1974,1,0,24,7,250,545,861,0,1,0
1197,0.5,1,20,5,214,1710,2885,1,1,2
587,2.3,1,6,1,612,1793,2777,1,0,2
934,1.1,0,24,5,1111,1463,1017,0,1,0
1195,2,1,23,4,163,1100,980,0,0,0
1853,1,0,23,1,202,1951,2775,0,0,3
1164,1,0,19,8,729,1704,3309,0,1,3
1512,0.5,0,18,3,1079,1897,3607,1,1,3
1232,2.9,1,24,5,361,809,1257,0,0,0
1813,0.6,1,5,3,338,1306,759,1,0,0
946,2.6,1,5,3,1698,1771,3720,1,0,3
739,2.3,1,58,3,1052,1536,475,0,1,0
704,2.7,0,29,1,1108,1509,1122,1,1,0
1663,0.5,0,40,4,951,1545,1336,0,0,1
1966,1.4,1,40,8,1197,1987,1185,1,0,2
1219,1,1,17,5,473,1022,705,1,1,0
612,0.7,0,35,5,1294,1337,3169,0,0,2
1658,1.4,0,39,1,410,522,3483,0,1,3
1263,0.5,0,64,5,178,1883,1183,0,1,1
1395,2.8,0,55,3,782,1787,3373,1,0,3
621,2.7,1,54,4,434,910,2801,1,1,2
652,0.5,1,58,3,464,781,565,0,1,0
1175,0.6,0,25,2,137,1501,3153,0,0,2
561,1,0,11,8,492,1176,3421,1,1,2
1137,2.2,0,3,5,1250,1285,316,0,0,0
1835,2.3,0,11,7,385,583,448,0,0,0
1170,2.9,1,40,6,427,684,2366,1,1,1
1595,0.8,1,44,4,1024,1838,3881,0,1,3
1719,2,0,12,8,240,904,462,0,0,0
1770,2.3,1,7,7,886,1552,1480,0,0,1
1312,0.5,1,28,2,1233,1854,1087,0,0,1
1878,1.5,1,56,5,183,559,2711,1,1,2
1871,2,0,20,7,88,1682,2144,1,1,2
922,1.5,1,35,7,1016,1383,1165,1,1,0
1975,1.5,0,16,8,80,655,2998,1,0,2
1212,2.6,0,46,4,611,1715,2249,1,1,2
1430,0.9,0,56,3,569,906,752,0,1,0
1958,1.9,1,4,2,304,637,1409,0,0,1
1836,2.1,1,30,7,276,1230,3072,1,0,3
557,1.6,0,24,3,1131,1315,1305,0,1,0
539,0.6,1,21,7,551,599,3597,0,0,2
880,0.5,1,44,8,436,1302,3132,1,1,2
1369,1.8,1,34,1,553,727,3856,1,1,3
1109,2.7,1,39,1,1391,1787,1524,1,1,1
843,1.8,1,16,5,981,1096,3673,0,1,3
598,2.3,1,21,2,680,1173,3293,0,1,2
972,2.7,1,5,4,687,816,3035,0,1,2
1944,0.5,0,36,6,1060,1970,584,1,0,1
1225,0.7,1,2,7,217,1101,2675,1,0,2
644,1.3,1,30,1,1140,1654,2382,0,1,2
1919,1.5,0,48,4,304,1191,1391,0,1,1
501,2.3,0,54,4,504,1089,2346,0,1,1
1620,2.2,1,30,3,832,1033,606,0,0,0
1227,1.1,1,34,3,935,1781,1324,1,1,1
1359,0.5,1,58,6,446,901,1076,1,1,0
1914,0.7,0,35,8,942,1701,643,0,1,1
1645,1.8,0,21,7,897,1308,783,0,0,0
1063,1.1,0,26,5,1208,1232,3809,0,1,3
946,2.1,0,19,8,159,630,2104,1,0,1
1231,1.2,1,54,3,632,1184,1762,1,0,1
1397,2.9,1,9,6,1308,1991,3137,1,1,3
701,0.7,0,15,3,1002,1256,1756,1,1,1
570,0.5,1,9,7,1331,1917,3663,0,0,3
1993,0.5,0,27,8,150,510,2437,0,0,2
955,0.5,1,43,5,1248,1511,1432,1,1,1
924,0.5,1,47,8,108,1813,1620,0,0,1
600,0.5,0,14,5,320,747,1655,0,0,0
518,0.8,1,3,7,437,1947,2832,0,1,2
1063,2.5,0,31,6,295,935,961,1,0,0
920,0.5,0,46,3,1058,1421,2608,0,1,2
1715,1.9,0,3,5,79,1652,514,0,0,0
1841,1.3,1,14,8,593,672,2304,0,1,2
543,0.5,1,60,5,693,1031,933,1,0,0
1762,2.7,1,25,1,300,527,1896,1,1,1
1112,0.5,1,53,4,234,739,3655,1,0,3
709,2,1,35,1,1545,1596,1973,1,1,1
1315,2.6,0,64,7,59,575,3278,0,0,2
1762,2.5,0,15,8,1103,1364,2183,1,0,2
1462,1.7,1,25,7,91,1478,824,0,1,0
571,1.6,1,35,7,177,1282,2598,1,0,1
666,0.5,1,54,3,58,1353,1254,1,1,0
1994,1.5,1,7,8,447,1435,3622,0,1,3
1583,2.1,1,14,7,942,1651,1704,0,1,2
1778,1.4,1,45,4,88,516,1624,1,0,1
1926,1.1,0,50,6,371,1000,3809,1,0,3
966,0.6,0,50,4,1446,1754,2574,0,1,2
568,2,0,36,3,181,1703,950,0,0,0
1897,3,0,21,8,1311,1935,273,1,1,0
1695,0.5,1,46,3,1791,1898,446,1,1,1
1623,1.2,0,61,7,1568,1832,1510,1,0,2
914,0.5,0,26,4,706,721,1122,1,1,0
1721,0.5,1,33,4,871,1048,707,1,1,0
890,2.2,1,44,8,1074,1873,751,0,0,0
600,0.5,0,48,3,501,1465,3393,0,0,2
1677,1.8,1,11,6,271,1477,3771,0,0,3
723,0.5,0,3,4,920,1748,1851,0,0,1
638,1.7,1,27,4,1171,1383,2735,1,0,2
852,1,1,62,7,293,1159,2253,1,0,1
1979,1.6,1,32,7,833,1630,452,1,0,0
710,0.5,0,32,5,485,857,1419,1,0,0
1034,2.6,1,45,3,182,1293,969,0,0,0
600,2.5,1,22,1,207,1162,3441,0,0,2
1027,0.5,0,64,2,1698,1747,3786,0,0,3
1260,0.6,0,13,6,165,736,2710,1,0,2
1793,1.8,1,12,6,1086,1418,3533,1,1,3
675,2.3,0,60,5,192,757,1735,0,1,0
658,2.7,0,12,7,1156,1750,3587,0,0,3
1694,0.6,0,34,7,377,549,2298,1,0,2
804,0.8,1,41,1,709,818,2027,0,0,1
1713,2.5,1,27,7,729,974,2406,0,1,2
706,0.5,0,31,3,543,938,2419,0,1,1
1362,0.5,0,25,7,553,1505,995,1,1,0
1527,2.7,0,60,5,526,1116,2078,1,1,2
768,0.5,1,19,2,637,991,1145,0,1,0
1314,2.9,1,41,4,113,577,626,1,1,0
705,0.5,0,57,6,1114,1374,1509,1,1,1
1403,2.7,0,26,5,461,1251,3371,0,1,3
1486,2.6,0,52,4,1430,1747,297,1,0,0
781,1.1,0,38,5,304,1674,3508,0,1,3
986,1.5,0,23,8,471,800,2385,0,0,1
1310,1.4,0,33,1,806,1016,1301,0,1,1
560,2,1,57,3,80,1327,2167,0,1,1
1348,1.3,0,43,5,204,501,3914,0,1,3
1567,0.5,1,22,6,545,1621,2312,0,0,2
1940,0.9,1,17,5,112,858,2297,1,0,2
1979,2.9,1,19,3,1331,1532,411,1,1,0
561,2.1,1,2,3,1055,1294,665,1,0,0
1717,1.3,0,62,1,609,810,3226,1,0,3
535,1.5,0,48,1,290,811,740,1,0,0
1413,0.5,1,39,5,1039,1318,3878,0,0,3
1358,2.5,1,20,7,1485,1655,3406,0,1,3
1519,2.9,0,30,7,1122,1702,2440,1,1,2
1254,1.2,1,50,5,462,1013,3959,1,0,3
1591,2.2,0,49,6,1384,1883,3703,1,0,3
977,2.8,1,35,2,1502,1862,3714,1,1,3
1640,0.7,0,21,7,589,1301,337,1,0,0
663,0.8,1,25,2,82,1605,3176,0,1,2
1744,1,0,20,8,68,718,1205,0,0,1
1624,1.6,1,28,2,689,699,2473,0,0,2
1108,1.3,1,2,7,208,1742,1229,1,0,0
1188,1.4,1,9,2,1339,1558,2896,0,1,3
817,1.3,0,11,3,722,766,2039,1,0,1
863,1.6,1,6,4,717,1799,520,0,1,0
1397,2.4,1,3,3,433,1658,1378,1,1,1
1108,1,0,49,5,1298,1666,3254,0,0,3
1068,2,1,37,7,186,1998,1803,0,0,1
1702,2.3,0,52,2,1397,1491,2501,0,0,3
808,0.5,1,8,4,618,1891,3762,0,1,3
1156,0.5,0,61,7,1214,1262,1796,1,1,1
1271,0.5,1,54,8,613,650,990,1,1,0
696,0.5,0,51,3,649,907,2630,0,1,1
1981,1.9,1,45,6,193,1234,1380,1,0,1
614,1.7,1,58,7,22,519,3487,1,1,2
1590,0.6,1,7,3,1464,1595,1201,1,1,1
1945,1.6,0,21,3,280,895,3015,0,0,3
1135,2.8,1,43,1,690,1589,3204,0,0,3
1049,0.6,1,2,6,39,1564,433,0,0,0
1807,2.1,0,49,1,337,1384,1906,1,1,2
984,0.5,0,42,7,1036,1611,898,1,0,0
720,1.4,1,61,7,1347,1733,2799,0,1,3
1536,0.8,0,13,7,22,1634,2020,1,0,2
771,0.5,0,25,4,327,922,770,1,0,0
503,2.5,0,57,6,778,1291,305,0,1,0
675,2.4,0,42,7,482,874,2953,1,0,2
1936,1.9,1,34,7,591,1089,1671,0,1,1
1303,1,1,15,3,229,1604,2574,1,1,2
1004,2.9,1,35,6,901,1162,3772,1,1,3
1972,1.2,1,37,2,715,1648,2870,0,0,3
1822,1.2,0,8,6,172,910,2577,1,0,2
1159,2.8,0,18,1,681,723,2246,1,0,1
1782,2.8,1,58,1,867,999,2405,0,1,2
894,2.1,1,16,8,286,1300,3377,1,1,2
1884,2.1,1,43,1,451,819,3619,1,1,3
1648,0.5,0,17,2,1119,1238,1184,0,1,1
798,2.4,0,4,3,526,643,2965,1,0,2
802,2.4,1,45,3,1299,1633,3713,0,0,3
1276,2.9,1,53,2,217,735,3798,1,1,3
1331,1.6,0,16,2,1109,1226,1026,0,1,1
1620,2.6,1,5,6,434,1339,1086,0,0,1
1996,2.5,0,51,4,671,1445,2236,0,1,2
1092,2.7,1,45,1,1404,1424,1303,1,1,1
1018,0.7,1,63,5,856,883,3048,0,1,2
545,0.5,0,11,3,381,1452,616,1,1,0
554,1.3,0,12,6,85,806,3764,1,1,2
1264,2.9,1,34,3,562,849,419,1,1,0
1030,1.6,1,58,6,1111,1812,2858,1,1,3
1432,1.7,1,39,4,209,947,504,1,0,0
558,2.8,0,49,5,997,1605,392,1,1,0
829,0.5,0,56,7,91,1916,820,0,1,0
1741,1.8,0,14,8,730,1895,3387,0,0,3
1849,2.3,0,15,5,606,1123,3447,0,1,3
733,2.1,0,7,7,445,1409,1403,1,0,0
1872,0.9,1,16,2,286,1484,2295,0,1,2
1853,0.5,1,27,6,985,1005,1973,0,1,2
1149,2.2,0,30,6,1617,1675,3755,0,0,3
891,0.5,1,25,2,375,1724,2073,0,1,1
1911,2,0,64,8,1795,1958,3872,1,0,3
550,0.5,0,23,2,486,1930,302,0,0,0
576,0.8,0,27,2,757,1518,1519,0,1,1
1760,1.9,0,50,1,273,1704,2549,1,0,2
969,2.4,0,45,7,491,589,404,0,1,0
1160,1.1,0,63,3,762,859,595,0,1,0
827,1.1,1,18,2,448,821,1663,1,1,0
1786,0.5,0,58,7,231,1671,2764,1,1,3
774,0.6,1,8,1,1713,1865,2614,1,1,2
819,2.5,1,11,8,438,822,1094,0,0,0
1042,2.2,0,11,5,68,1018,2826,0,0,2
1368,3,1,50,7,698,829,2496,1,1,2
1592,2.1,0,50,2,510,522,2103,0,0,1
1067,1.8,1,14,1,965,1009,966,0,1,0
1892,0.7,0,47,4,1399,1564,2172,1,1,2
915,1.1,0,56,8,532,1448,905,1,0,0
774,2.8,0,55,3,8,896,3916,1,0,3
1848,1.4,1,42,2,154,605,3902,0,1,3
1501,1.1,0,2,1,198,1056,2487,1,1,2
1614,1.9,0,55,3,860,1330,3914,0,0,3
911,2.9,0,46,5,461,670,363,1,0,0
1520,0.5,0,24,5,109,1909,3233,0,1,3
1647,1.4,1,38,6,193,1185,2532,0,1,2
1347,0.9,1,53,6,961,1008,3836,0,1,3
967,1.6,0,25,8,243,1642,3076,1,1,2
1442,2.2,0,56,5,1626,1668,1513,1,0,2
1204,2.6,0,10,7,480,1482,1724,0,0,1
1320,2.1,1,41,7,123,1229,542,1,0,0
1800,0.7,0,8,7,400,823,3481,0,1,3
1567,2.1,1,22,3,190,1326,3991,0,0,3
1439,0.9,0,20,1,626,932,1790,0,1,1
1422,1,0,3,1,1,926,509,1,1,0
1591,2.2,1,52,3,548,1641,282,1,1,0
880,1.7,0,6,4,632,660,3006,0,0,2
1929,0.5,1,19,6,349,1051,1913,1,0,1
1642,1.6,1,5,5,1686,1889,1333,0,1,2
1511,2.5,1,21,3,1455,1982,3746,0,0,3
1312,1.3,0,10,2,95,893,3941,1,1,3
1852,1.4,0,10,1,580,1163,3970,0,1,3
972,1.3,0,44,7,297,589,3925,1,0,3
691,2.7,1,33,4,951,962,424,1,1,0
807,0.5,0,8,5,667,697,1284,1,1,0
1113,0.6,1,25,1,1047,1312,277,0,1,0
721,1.3,1,16,1,408,1862,1713,1,1,1
1188,1.5,1,54,6,1150,1469,485,1,0,0
1512,0.5,0,52,1,333,952,3002,0,1,2
805,0.7,0,64,4,641,704,418,1,1,0
918,0.9,1,8,7,653,671,1652,1,0,1
1320,0.5,1,48,5,103,1583,2893,0,1,2
1236,0.9,1,57,1,517,809,1406,0,1,0
1387,0.5,0,61,3,785,1151,629,1,0,0
1883,2.7,1,30,2,531,791,3724,1,1,3
839,2,1,14,7,564,1391,3835,0,0,3
1593,1,0,52,8,761,1336,1354,1,1,1
1722,1,0,25,6,1179,1638,2376,0,1,3
1954,0.6,1,7,3,673,690,3438,0,0,3
1788,0.5,1,2,6,472,1073,2655,0,1,2
1628,0.5,0,33,6,412,643,3361,0,0,3
1965,0.5,0,4,7,977,1660,3535,1,1,3
833,2.2,0,27,1,359,1395,2150,1,1,1
571,0.6,0,43,3,224,783,2587,0,0,1
1808,0.5,1,31,2,714,1208,2736,0,1,3
1860,0.5,1,55,6,195,799,676,0,1,0
1368,1.6,1,9,7,843,1145,2941,1,0,3
1161,1.3,1,21,8,308,1169,3336,0,1,3
1224,1.6,0,33,1,522,563,3796,1,0,3
902,0.6,1,63,5,364,1360,3654,1,1,3
787,0.5,0,11,1,806,1423,2934,0,1,2
854,0.5,0,30,8,518,1152,2889,0,1,2
1184,1.5,1,48,1,519,1577,3315,1,1,3
1973,1.6,1,39,4,792,1181,1993,0,0,2
510,1.7,1,35,3,382,1228,2509,1,1,1
966,2,0,34,2,214,1523,3534,1,1,3
1438,1.8,0,16,8,859,867,2246,0,0,2
1986,0.5,0,51,3,342,774,3165,0,0,3
1907,2,0,55,7,713,1513,286,0,1,0
1489,2.4,1,32,1,172,812,776,0,0,0
1843,1.8,1,16,6,118,580,3213,1,0,3
825,1.5,0,38,3,540,783,716,1,0,0
1286,2.3,0,16,2,18,662,424,1,0,0
840,0.6,0,63,7,987,1081,3486,1,0,3
757,2.3,1,58,4,535,697,3237,0,1,2
814,1.1,1,41,2,1092,1406,1944,0,0,1
1195,1.1,1,8,6,327,1001,643,0,0,0
767,0.8,0,10,4,517,1995,2317,1,1,2
1068,1.3,0,52,8,994,1500,1436,0,0,1
994,2.8,1,56,3,491,530,3190,1,1,2
1550,2.5,0,21,2,268,832,2338,1,0,2
1878,0.5,0,29,8,210,1026,1334,0,0,1
623,2,0,6,3,144,672,3657,1,0,2
1829,0.5,0,15,5,729,1267,2080,0,1,2
525,2.4,1,35,7,82,670,1609,0,0,0
1065,0.5,0,14,2,188,928,3078,0,1,2
1425,1.2,0,35,8,150,1897,590,1,1,0
1296,1.4,1,11,7,1222,1382,2552,1,1,2
642,2.8,0,34,2,331,1011,3355,0,0,2
1664,2.9,1,15,7,1178,1929,1968,0,0,2
1498,0.7,0,8,7,347,1076,3358,0,0,3
981,1.9,1,2,3,75,688,1539,0,0,0
1236,2.8,0,32,4,492,1403,942,1,1,0
1673,2.8,1,9,3,65,734,3669,0,1,3
712,1.6,0,9,2,881,1234,3612,0,0,3
569,0.5,1,4,3,351,1159,2351,1,0,1
603,0.7,1,64,6,1842,1968,604,1,1,0
1332,0.8,1,11,2,758,1165,1285,1,0,1
1413,0.6,0,13,1,1323,1481,515,1,0,0
1064,2.9,1,34,6,1175,1569,654,0,0,0
1444,0.6,0,48,5,1092,1554,2540,1,1,3
1366,1.7,1,53,5,647,1876,3869,0,1,3
906,2.1,1,18,2,1102,1793,3412,0,0,3
1554,2.7,1,47,5,319,1367,509,0,0,0
1187,2.3,0,21,6,215,1125,2547,1,0,2
1156,2.7,1,30,3,945,1913,2735,0,1,2
1918,2.8,0,22,1,381,1203,1369,1,1,1
841,0.5,1,39,6,546,828,2942,1,1,2
730,1.3,1,6,7,1096,1155,2812,0,0,2
878,1.3,0,31,4,575,618,3497,1,0,2
1059,0.5,1,50,8,519,1545,619,1,1,0
1578,2.9,0,3,1,342,670,3483,0,0,3
1829,1.7,0,36,5,291,563,1475,0,0,1
1132,1,0,8,1,1091,1293,1950,1,1,1
1652,0.6,1,40,7,352,1084,3592,0,0,3
912,0.5,1,58,5,165,1723,3573,1,0,3
1181,2.3,0,61,2,385,831,2020,1,0,1
1497,0.7,0,32,3,1920,1933,1329,1,0,2
1790,2.3,1,49,3,396,1980,3568,0,1,3
1742,1.6,0,49,1,1134,1469,1947,0,1,2
1549,0.5,0,8,5,721,1514,1998,1,0,2
1372,2.7,0,34,4,687,937,725,0,0,0
1112,0.5,0,12,4,777,1119,3302,1,1,3
1005,0.5,0,46,8,176,1556,3884,1,1,3
783,1.7,1,27,6,458,1263,1185,1,1,0
1698,2.5,0,26,2,485,1819,1656,0,1,2
899,2.7,0,53,4,641,1638,2870,0,1,2
1062,1.5,0,45,3,798,1435,911,0,0,0
989,2,0,17,3,256,1394,3892,1,0,3
1983,1.2,1,27,1,370,1197,3897,1,1,3
1800,3,0,53,1,191,1108,656,0,1,0
1254,1.7,0,45,3,1571,1956,606,1,1,1
868,1.7,0,30,4,276,1026,1653,0,0,1
1205,0.5,1,12,4,573,614,860,0,1,0
1284,2.8,1,10,2,160,516,2197,1,1,1
626,0.7,1,23,2,90,1334,3458,0,1,2
1763,2.9,1,53,4,138,806,2066,1,1,1
694,1.8,1,36,4,983,1230,3676,0,1,3
1265,0.6,1,49,1,275,687,1518,0,1,1
816,0.5,0,14,3,149,558,1018,0,0,0
904,1.8,0,35,3,42,507,1360,0,0,0
979,0.5,1,5,7,793,1670,3449,0,0,3
1531,2,0,60,6,625,765,2524,0,0,2
934,2,1,30,8,521,1190,703,0,1,0
1624,2.6,1,58,3,1530,1744,1251,1,1,1
874,1.3,0,8,1,442,1248,582,0,0,0
1027,2.2,0,63,5,152,714,1732,1,1,1
1966,0.8,1,48,1,1242,1973,1252,1,1,2
1048,1.5,0,29,1,29,1670,2146,0,0,1
1496,1.9,1,38,4,501,506,1927,0,1,1
959,1.7,0,13,4,87,736,3328,1,1,2
1349,2.2,1,55,7,648,1019,2462,0,1,2
1689,2.4,1,13,2,521,674,1172,1,1,0
1558,2.4,0,27,1,120,1409,3598,0,1,3
582,0.5,1,27,3,985,1420,2437,1,1,2
1485,2.8,0,44,4,341,774,3271,1,0,3
1991,1.8,0,9,3,751,1377,1511,0,0,1
553,0.5,1,23,3,993,1517,2981,0,0,2
1231,0.7,1,7,1,43,1663,3119,1,0,3
805,0.8,0,34,6,1262,1538,3647,0,1,3
764,1.2,1,13,8,361,511,3148,1,0,2
894,0.9,0,54,3,104,541,2829,0,1,2
1589,2.6,0,46,3,618,940,2373,1,0,2
1456,1.6,1,39,8,815,1666,3998,1,0,3
743,0.5,1,33,2,1587,1659,316,0,0,0
1061,2.1,0,52,7,138,1330,999,1,0,0
1428,1.6,0,7,4,584,983,1808,1,0,1
674,2.8,1,8,3,750,772,589,1,0,0
832,1.1,0,46,6,820,1366,3317,1,0,3
1625,0.5,1,50,8,8,1219,670,0,0,0
907,1.4,1,42,1,171,507,584,0,0,0
1631,0.5,0,13,2,960,1735,2173,1,0,2
1584,1.3,0,41,4,160,1291,1561,0,1,1
1382,0.5,0,13,2,612,719,2073,0,1,1
633,1.4,0,46,6,709,1915,1401,1,0,1
1444,2.1,0,38,7,624,917,3764,0,0,3
852,1.6,1,54,5,538,730,1275,0,1,0
922,0.7,0,47,8,1295,1808,1464,0,1,1
1745,1.5,1,57,3,1164,1908,2885,1,1,3
862,2.3,0,6,8,829,1977,3458,1,1,3
1754,2.1,1,52,4,199,1452,3019,0,1,3
1008,2.5,0,36,1,825,1972,1083,0,0,1
1569,0.5,1,33,1,519,930,3538,0,1,3
1596,2.9,1,7,2,169,1190,2493,1,1,2
1807,0.5,1,61,6,1734,1968,3726,0,0,3
1660,2.8,1,7,1,76,1165,1531,0,0,1
1861,0.9,0,55,7,1698,1877,601,0,0,1
648,1.9,1,8,5,819,1997,2991,0,1,2
1379,0.5,1,19,8,387,671,3912,1,1,3
1910,1.7,0,34,2,985,1284,309,0,1,0
1807,2,1,13,8,970,974,323,1,1,0
1923,0.5,1,46,1,767,1759,1489,1,1,1
1345,3,0,38,3,512,1465,1322,0,0,1
904,1.6,1,14,8,56,760,1846,0,1,1
1239,1.2,1,52,2,590,661,417,0,1,0
1330,0.9,0,52,4,462,1304,3269,1,0,3
516,0.7,1,30,1,126,698,3731,0,0,2
672,0.5,1,54,4,578,1143,667,0,0,0
892,0.5,0,47,1,655,1782,1241,0,1,1
1778,0.5,0,23,6,1028,1445,3941,0,0,3
1130,2.5,0,58,5,88,1261,1018,0,0,0
1359,0.6,0,59,2,1692,1902,3142,1,1,3
1866,2.5,1,47,5,358,1782,1444,0,0,1
1597,2.3,0,34,1,64,1667,934,1,0,0
1046,2.8,1,58,8,259,1040,3863,1,1,3
1035,0.6,1,44,3,236,1960,3506,1,0,3
1175,1.3,0,19,7,873,1394,1944,1,0,1
1261,0.5,1,11,4,858,1591,348,0,1,0
1068,0.7,1,51,4,1405,1910,550,1,0,0
1713,3,1,20,7,237,890,971,0,0,0
1688,2.5,0,21,7,650,864,3984,1,1,3
1413,0.5,1,45,5,1949,1994,2973,0,1,3
559,0.5,0,11,5,541,823,2019,1,1,1
1483,2.6,1,19,7,361,1552,1587,0,0,1
860,1.6,1,48,7,335,1463,1870,0,0,1
1090,1.3,1,27,4,1638,1910,1352,1,0,1
686,0.5,0,3,6,1109,1392,570,1,0,0
818,1.3,0,43,6,111,510,546,1,1,0
1456,1.6,1,49,3,1285,1427,3624,1,0,3
774,0.5,1,10,2,1480,1731,2944,1,1,2
1068,0.5,1,19,8,322,875,1209,1,0,0
1373,1.9,1,29,6,1220,1348,2752,1,1,3
1777,3,0,20,6,511,616,3868,1,1,3
594,0.8,0,28,5,1011,1263,3087,1,1,2
1524,2.6,1,57,2,629,635,947,1,1,0
511,0.6,1,50,3,140,622,1484,0,0,0
1402,0.6,1,46,7,1081,1767,347,0,1,0
965,0.5,0,53,8,297,653,3227,0,0,2
1270,2.3,0,58,5,1512,1716,3299,0,1,3
919,0.5,1,13,1,275,570,1028,0,0,0
1963,1,0,34,2,1136,1813,714,0,1,1
1977,1.3,1,31,8,1145,1356,2641,0,0,3
1881,2.2,0,51,5,477,1553,1229,0,0,1
683,0.7,0,19,4,954,1985,2622,0,1,2
772,2.6,1,6,2,741,1471,929,1,1,0
536,1.4,0,53,3,547,705,1211,0,1,0
1694,1.8,0,53,6,1194,1208,1653,0,0,2
1633,1.7,1,33,2,146,906,511,1,0,0
1371,0.5,0,52,4,471,663,3034,0,0,2
551,2.8,0,54,7,169,1916,1414,0,1,0
1221,0.5,0,28,1,1895,1976,2438,1,1,3
1000,0.5,0,63,8,1537,1761,3744,0,1,3
1986,2.7,1,64,4,236,1520,1377,1,1,1
1119,0.5,1,23,4,821,915,3520,0,0,3
1699,0.5,1,59,4,466,1768,3796,1,1,3
1099,0.5,0,61,3,393,1096,1699,1,1,1
1576,2.6,0,58,3,400,631,336,1,1,0
950,0.5,0,55,5,774,843,1095,1,0,0
1081,2.5,1,49,3,284,519,325,0,1,0
606,2.5,0,53,4,465,1152,1223,0,0,0
502,1.5,1,37,2,705,1810,1649,1,0,1
957,0.7,0,4,2,38,1682,1898,1,0,1
1658,1.4,1,38,5,51,739,2609,0,0,2
1681,2.5,1,18,1,850,1005,2265,1,1,2
1983,0.5,1,43,6,349,676,2775,1,1,2
1753,1.2,0,12,7,387,1595,1445,1,1,1
1632,1.4,0,41,4,706,1623,2614,0,0,2
1949,1.4,0,57,7,951,1178,356,0,0,0
1696,1.7,0,13,3,179,772,523,1,1,0
688,2.5,1,57,7,426,1964,3745,1,0,3
1104,1.7,0,60,2,653,1413,1229,1,1,0
1122,2.8,0,28,3,1578,1963,1402,1,0,1
504,0.5,1,46,5,280,1795,2085,0,0,1
1154,0.5,0,14,7,251,1801,587,1,1,0
1727,2.1,0,63,7,1463,1992,2457,0,1,3
1674,2.8,1,52,3,1432,1649,2030,0,0,2
1948,2.8,1,18,2,477,571,816,0,0,0
1218,2.8,1,39,7,1122,1746,1667,0,0,1
531,1.1,0,63,7,145,1903,2958,1,0,2
1057,2.1,0,5,5,416,1055,3705,0,0,3
576,1.2,0,30,8,847,893,2800,1,1,2
1960,2.1,0,7,7,868,877,3773,1,1,3
673,1.7,1,22,1,594,1088,2050,1,0,1
718,0.7,1,21,1,518,830,1754,0,1,1
864,1.7,0,35,3,663,1805,1904,1,1,1
547,1.9,1,37,5,371,541,2705,1,0,1
623,0.9,0,3,8,1749,1781,3537,0,1,3
1793,0.7,1,27,5,586,722,1370,0,1,1
1720,0.7,1,19,2,409,646,1222,0,0,1
812,0.5,1,64,4,35,1309,3102,0,0,2
980,0.5,0,33,6,1008,1758,2268,1,0,2
643,1,0,18,8,442,1079,2648,1,1,1
1925,3,1,16,8,983,1087,2173,1,0,2
1408,2.5,0,32,4,875,982,3162,0,0,3
1522,0.7,1,28,1,952,1191,1368,0,1,1
587,2.5,0,51,1,244,1361,2746,0,1,2
1959,0.5,1,18,6,65,1055,619,1,1,0
1872,0.5,1,17,6,1749,1767,724,0,1,1
1043,0.5,0,42,3,716,1626,912,1,0,0
1809,0.5,0,23,6,433,1661,2784,1,1,3
1703,0.5,0,23,6,134,521,793,1,0,0
1095,0.5,0,45,1,179,1247,560,1,0,0
1414,2.6,0,27,4,804,1564,312,0,1,0
1659,2.5,0,41,7,787,1515,545,1,1,0
1540,0.7,1,60,7,704,822,1591,0,1,1
1342,1,0,31,7,991,1638,2746,1,0,3
1189,2.3,0,8,3,379,932,893,1,0,0
518,2.4,0,62,6,489,710,2514,1,1,1
1449,0.8,1,10,1,1518,1883,1032,1,1,1
516,1.1,1,39,5,855,1401,819,1,1,0
1569,0.8,1,59,3,1261,1383,3672,0,1,3
1312,0.8,1,24,6,115,1791,3833,1,0,3
1893,0.5,1,23,8,1203,1432,1482,1,0,2
1076,2.5,0,14,5,545,1300,2043,0,0,1
530,2.6,0,40,6,818,1090,1229,1,0,0
1044,2.8,1,33,4,42,1262,1816,0,1,1
1330,1.1,0,37,7,1103,1637,2166,0,0,2
1836,1.1,1,14,5,168,1068,2469,1,1,2
1741,0.5,0,55,5,719,755,2575,1,1,2
1869,2.6,0,30,1,163,874,1375,0,0,1
1331,0.5,0,55,3,1162,1531,1732,0,1,1
1655,0.5,1,4,3,626,1348,673,0,0,0
605,1.5,0,18,2,329,656,2301,0,0,1
1245,0.6,0,30,5,330,1434,2676,0,0,2
1709,0.8,0,58,2,956,1292,1781,0,0,2
846,2.6,0,58,4,1140,1983,2248,0,0,2
1403,2.5,1,62,4,217,1623,921,0,0,0
688,1.5,0,2,3,271,869,391,1,1,0
775,2.5,1,10,7,444,1555,1719,1,1,1
1154,2,0,35,5,1003,1827,3262,0,0,3
1375,0.5,1,35,2,227,772,1947,1,1,1
1827,0.8,0,61,7,253,1764,2693,1,1,3
1697,0.5,0,60,4,88,1046,441,1,0,0
741,1.5,0,14,5,334,594,1886,1,1,0
1672,0.5,1,32,1,1281,1896,1267,1,0,1
514,0.7,0,57,3,168,1320,687,1,1,0
1375,1.3,1,12,1,898,1687,2890,0,0,3
989,1.8,1,55,1,46,1069,1737,0,1,1
1510,2.5,1,47,2,118,1170,887,0,0,0
1266,2.6,0,18,7,1187,1595,398,1,1,0
1396,2.4,1,46,7,1191,1347,2389,0,1,2
808,2.3,0,45,1,526,1324,3431,1,1,3
1542,2.3,0,43,2,346,966,3601,0,0,3
745,0.6,1,35,8,89,1538,2459,1,0,1
1735,1.9,1,59,6,137,846,3230,1,0,3
586,0.5,1,57,2,1226,1389,3646,1,1,3
1341,2.1,1,36,8,473,574,2200,1,0,1
781,1.3,1,64,2,368,607,3862,0,0,3
501,0.5,1,22,6,239,1636,3077,0,0,2
1224,1.8,1,44,2,622,709,621,1,1,0
1970,1.6,1,58,8,654,882,2372,1,0,2
618,2.2,1,63,2,853,1781,2574,1,0,2
1537,2.9,0,46,4,686,1305,2857,1,1,3
1018,2.2,0,16,8,992,1433,3143,1,0,3
1545,1.3,1,35,5,115,1352,3197,0,1,3
1871,2.1,0,41,8,275,1966,2727,0,0,3
1729,2.1,1,12,1,461,1178,1519,0,1,1
680,2.1,1,9,3,1428,1500,2438,0,0,2
1106,1.9,0,54,3,614,1212,2674,0,1,2
635,0.6,1,50,5,193,989,2107,0,0,1
618,0.6,0,16,1,1105,1602,2262,1,0,2
1671,0.5,1,5,8,398,1263,815,1,1,0
1562,1.2,1,52,7,480,728,2829,1,1,2
1975,1.9,1,31,1,775,1607,3022,0,1,3
831,0.7,0,62,8,1482,1490,2573,0,1,2
1524,1.8,1,10,4,154,550,2678,0,1,2
1528,1.8,1,55,5,454,1762,1282,1,1,1
1447,2.5,1,9,8,737,1455,568,0,0,0
1344,1.5,0,14,1,419,556,2074,1,0,1
564,3,1,8,2,853,1737,2227,0,1,1
921,0.6,1,60,2,1211,1229,1080,0,1,0
1413,1.7,0,10,6,314,1606,2867,1,0,2
831,2.4,0,55,6,172,1239,1075,1,0,0
802,0.5,1,43,5,527,734,3063,1,0,2
1923,1.3,0,24,4,874,1264,2479,1,0,2
1193,3,0,56,3,674,864,2394,1,0,2
904,1.2,1,31,3,657,1014,2814,0,0,2
1285,2.4,0,51,7,475,500,2094,0,0,1
1635,2.6,1,2,4,1209,1411,2315,1,0,2
1923,1,1,14,4,15,525,2519,0,1,2
1851,1.9,1,12,6,293,1967,735,0,1,0
727,1.5,0,32,7,813,1377,1891,0,1,1
1396,1.5,1,44,6,173,1843,1386,1,1,1
877,1.3,1,46,1,457,652,3260,0,0,2
696,2.4,0,35,3,533,797,2022,0,1,1
1009,1,1,2,8,912,1043,1716,0,0,1
1526,1.1,1,38,5,798,1418,3317,1,1,3
987,2,1,20,7,412,565,1454,1,0,0
1414,2.2,1,49,4,130,887,2290,1,0,1
1732,0.8,0,61,5,201,656,3940,1,1,3
1587,0.5,0,50,8,299,874,461,0,1,0
1097,0.8,0,21,7,1277,1352,2219,0,1,2
504,2.8,1,40,3,626,1195,470,0,0,0
1159,2.7,0,28,8,378,751,2495,1,1,2
1910,1.4,0,29,7,333,639,2944,1,1,2
865,1.2,1,59,3,805,1804,2361,0,1,2
1930,2,0,16,8,1901,1920,1783,0,1,2
860,1.3,1,40,3,1573,1581,2832,1,1,2
1268,2.9,0,42,6,360,912,931,1,0,0
999,1.8,1,27,4,20,745,1344,0,0,0
622,0.7,0,9,2,98,511,3916,0,1,2
1250,1.4,0,44,7,703,1011,1882,0,0,1
763,0.5,0,51,5,273,1278,2865,1,1,2
1100,1.6,0,15,8,919,1344,757,1,1,0
815,2,1,51,6,982,1291,3469,0,1,3
618,0.5,1,57,3,879,896,2399,1,1,1
553,2.2,1,18,2,1287,1892,3300,0,0,3
673,2.2,1,3,2,1109,1247,2719,1,1,2
563,2,1,47,7,211,684,3012,0,0,2
1590,1.5,1,14,4,1058,1109,2836,0,0,3
1031,2.1,1,11,2,532,1247,2385,0,0,2
909,0.5,1,30,3,290,773,594,1,1,0
1880,0.5,0,7,4,890,1019,2968,1,0,3
1479,1.8,1,24,6,327,645,3762,0,0,3
1271,1.5,1,2,1,1260,1788,892,1,0,1
709,1.9,0,13,8,570,1422,467,1,1,0
1744,2.8,0,62,1,621,1558,345,0,0,0
1314,2.2,0,40,7,328,1858,3033,1,1,3
1136,0.5,0,9,6,1307,1767,2110,0,1,2
1039,2.7,0,56,8,497,618,3105,1,1,2
1300,0.5,0,62,6,219,1037,874,1,0,0
732,2.3,1,39,7,1163,1554,3681,1,1,3
511,0.7,1,52,2,24,759,3865,0,1,2
1092,0.5,1,11,3,468,571,737,1,0,0
921,2.2,1,10,7,1272,1469,3153,1,0,3
1030,0.5,0,37,1,503,551,2800,0,1,2
1130,1.8,1,27,1,1495,1579,315,1,0,0
1299,2.8,1,60,8,1333,1838,1412,1,1,1
1009,2.8,1,2,7,267,1841,2286,0,0,2
1735,1.8,1,34,2,149,876,2392,0,1,2
1129,2.8,1,49,2,1070,1079,1857,1,1,1
708,1.9,0,26,7,206,620,1419,1,1,0
894,0.7,0,58,2,158,747,3305,0,0,2
530,2.4,0,32,6,48,1012,959,1,0,0
1481,2,1,35,3,249,522,2635,0,1,2
1068,2.7,1,45,5,935,1499,1754,0,1,1
1487,0.5,0,57,3,140,768,2563,0,0,2
1524,2.5,1,41,4,184,740,1936,1,1,1
1093,1.9,1,22,8,238,807,1869,1,1,1
1816,1.6,1,50,5,800,1089,3637,0,1,3
627,1.8,0,20,3,211,507,896,0,0,0
989,0.7,0,51,3,670,804,2349,0,1,1
1895,0.5,0,5,1,725,1335,774,1,0,1
805,1.7,1,58,3,81,1544,3397,0,0,2
713,1.6,0,2,8,1211,1378,485,1,1,0
864,2.5,0,24,4,1362,1378,3964,1,0,3
1177,0.9,0,11,4,945,1923,1887,1,1,1
582,0.5,0,32,3,1043,1702,2977,1,1,2
1898,1.8,1,56,7,444,739,2114,1,1,2
1158,0.7,1,29,2,311,1796,1542,0,1,1
1451,0.5,0,57,8,812,1456,3038,0,1,3
1820,1.4,0,51,7,202,1884,2481,0,0,2
984,0.5,1,9,3,531,707,841,0,0,0
580,2.1,1,24,4,404,898,3565,0,1,2
1263,2,0,5,6,954,1609,1958,1,1,2
1237,0.5,0,27,8,274,603,2454,1,1,2
514,1.6,0,37,1,956,1723,3392,1,1,3
1515,2.6,0,56,3,1438,1593,262,1,0,0
721,0.5,1,6,4,1446,1988,530,0,1,0
603,2.5,1,35,3,692,1057,3703,0,1,3
1426,2.5,0,55,1,777,1032,2562,0,0,2
1820,1.7,1,64,1,1157,1951,574,1,0,1
1215,1,0,16,4,454,1473,2632,0,1,2
697,2.7,1,20,2,478,1477,259,1,1,0
717,0.5,1,10,1,217,1106,688,1,0,0
1348,2,1,36,6,468,741,2554,1,0,2
1164,2.6,1,61,1,1107,1656,3859,1,0,3
578,0.5,0,62,5,626,1134,2977,1,1,2
1971,0.5,1,40,7,485,922,571,1,0,0
1794,0.5,1,55,7,43,627,402,0,1,0
1558,2.5,0,32,5,322,1385,878,1,1,0
1597,0.9,0,4,1,880,1145,2130,1,0,2
1240,1.6,0,39,2,1511,1756,3260,0,1,3
1994,0.8,1,7,8,667,711,454,1,0,0
1221,2.3,0,35,7,765,1899,2638,1,1,2
989,1.6,1,24,8,614,679,2819,0,1,2
1180,1.2,0,50,4,925,1252,1464,1,1,1
718,2.8,0,59,6,1185,1387,1824,1,0,1
1670,1.6,1,47,8,1706,1886,876,1,0,1
534,2.5,0,21,7,347,1477,2706,1,0,2
1566,0.5,1,20,2,1603,1930,659,1,1,1
1935,0.5,0,29,5,806,860,455,0,1,0
504,2.8,1,54,2,1207,1539,2378,0,0,2
913,1.7,1,41,1,431,1144,2278,1,0,1
1317,1.8,1,43,5,179,613,3436,1,1,3
917,0.5,0,31,6,423,909,3424,1,0,3
712,2.5,1,49,6,1131,1743,401,0,1,0
1083,1,0,52,2,925,1469,681,1,1,0
1039,0.6,0,6,6,62,544,3212,0,1,2
1747,0.5,0,13,6,800,873,3105,0,0,3
1449,0.5,1,52,6,211,947,2036,1,0,1
1872,0.5,1,49,7,81,1389,3153,1,0,3
1796,1.6,1,7,4,667,798,1642,1,1,1
1097,1.4,0,60,1,405,519,509,0,0,0
1562,0.5,1,20,8,678,1676,3465,1,0,3
1433,2.3,0,27,7,1619,1651,3900,0,1,3
740,1.8,0,12,1,935,1147,1105,1,1,0
676,2.2,0,39,1,864,1011,2064,0,0,1
503,1.8,1,13,1,1495,1688,3117,0,1,3
1020,1.5,0,7,3,870,1613,1142,0,1,1
896,1,1,4,1,1379,1469,1060,1,1,1
1824,0.8,0,19,2,1055,1738,2381,0,0,2
1512,0.6,1,54,3,220,1838,3366,0,1,3
1053,2.9,0,42,6,419,1261,1339,0,1,0
1944,1.8,1,31,4,1111,1362,2560,0,0,3
1174,0.7,1,25,2,1097,1461,285,0,1,0
627,1.6,1,12,7,447,819,2476,0,0,1
1602,2.7,0,46,1,273,1062,1862,0,1,1
1733,1.5,1,6,1,590,997,3488,1,1,3
586,1.4,1,8,8,116,598,3178,0,1,2
1528,2.4,0,37,8,306,564,733,1,0,0
875,0.7,0,23,7,300,1316,756,0,0,0
1602,0.6,0,58,1,1259,1746,3622,1,1,3
1426,1.6,0,12,5,1573,1694,1277,0,0,1
1370,1.4,0,6,6,1392,1783,3703,1,0,3
609,0.5,0,10,6,113,1524,1905,1,1,1
840,1.2,1,15,6,526,1728,2636,1,0,2
991,2,0,12,5,1209,1678,2014,0,0,2
1724,1.8,0,9,2,655,828,3056,0,0,3
584,1.8,0,19,3,1123,1622,465,1,0,0
860,1.3,1,49,6,692,979,3869,1,1,3
1541,2.8,1,28,5,796,1052,1108,0,1,1
615,0.5,1,58,5,1021,1958,1906,0,0,1
912,2.8,1,46,4,995,1310,851,1,1,0
1278,1.2,0,60,7,1244,1504,3142,0,1,3
1365,0.6,0,31,4,293,970,1300,0,1,0
1702,1,0,36,5,1240,1931,1430,0,0,2
589,0.5,0,59,8,759,1858,362,1,1,0
1347,1.5,1,56,1,398,1528,2456,1,1,2
1644,2.8,0,44,8,358,791,2360,0,0,2
956,1.9,1,42,7,403,1614,3700,1,0,3
1089,1.4,1,2,7,211,1409,2620,0,0,2
871,0.6,0,52,3,194,1437,437,0,0,0
664,1.5,0,6,2,1076,1472,3774,0,0,3
1874,0.6,0,19,2,1238,1418,1218,1,0,1
1928,2.6,0,5,5,229,1004,696,1,1,0
888,2.6,1,33,2,327,1683,3407,0,0,3
1077,1.7,1,58,7,135,1892,3902,0,0,3
1023,2.3,1,30,8,5,1744,2086,1,1,1
1426,0.8,0,42,3,715,1163,1356,0,1,1
831,1.7,1,26,5,511,621,1704,1,1,0
1496,1.3,1,6,3,549,1383,3571,1,1,3
1433,2.3,0,5,5,420,784,2132,0,1,1
1095,2.6,1,44,4,838,1066,3209,1,1,3
643,0.7,1,23,1,314,1400,2096,0,0,1
1142,1.1,0,6,4,739,1766,1273,0,0,1
730,0.5,1,27,5,62,846,3623,1,0,2
1901,0.5,0,41,2,3,1662,368,0,0,0
1510,0.6,1,32,3,963,1520,854,0,1,1
1924,2.6,0,59,6,1438,1923,3646,0,1,3
1825,1.1,1,17,4,1621,1773,3130,0,1,3
1275,0.5,1,5,1,19,501,3784,1,0,3
987,2.3,0,17,7,887,1274,3885,1,0,3
1538,2.3,0,13,7,567,986,1494,1,1,1
1965,0.5,0,29,5,584,676,2973,1,1,3
808,1.9,0,20,6,496,974,1471,1,0,0
712,0.5,0,27,2,1245,1309,2001,1,1,1
1507,0.9,1,42,5,682,888,1486,0,0,1
912,0.7,0,47,3,724,794,1321,1,1,0
769,1.2,0,17,8,1384,1454,1877,0,1,1
948,2.3,0,22,5,257,1654,3499,1,1,3
507,1.9,1,39,1,17,1084,2124,1,0,1
1384,2.8,1,60,3,983,1210,1221,0,1,1
1766,1.3,0,29,8,439,1306,2316,0,1,2
1407,1.8,1,16,4,925,1206,1068,1,0,1
614,2.9,1,24,4,409,603,1930,0,1,1
1972,2.9,0,14,7,293,952,1316,1,0,1
1039,0.5,1,47,8,384,1878,1742,0,0,1
511,3,1,34,8,149,1285,3265,0,0,2
1811,2.5,0,5,4,447,568,2700,1,1,2
1159,1.5,0,36,4,717,1206,2115,0,0,2
1848,1.3,1,12,2,195,533,3915,0,1,3
1988,0.5,0,16,8,153,696,3144,0,0,3
1469,0.5,0,58,7,1699,1850,1571,0,0,2
1423,0.6,0,44,5,501,640,2253,0,0,1
1974,0.5,1,10,6,530,1496,1433,0,0,1
835,0.8,1,42,5,396,1378,2583,1,1,2
1429,0.6,0,42,5,670,1552,1817,0,0,1
947,0.5,0,51,2,193,887,2915,1,1,2
1446,2.8,1,18,8,351,1769,3340,1,1,3
1332,1.3,1,7,7,846,855,2790,1,0,2
1498,1.2,1,14,4,111,1167,577,1,0,0
1576,0.9,1,14,2,1213,1386,3220,1,0,3
1398,1.6,1,26,1,755,1284,3488,1,0,3
1885,2.4,1,14,4,1406,1517,1277,0,1,1
798,0.5,1,2,2,497,627,3593,1,0,2
1436,2.5,1,42,8,1826,1836,2736,1,0,3
1998,1.2,0,31,8,50,1356,2311,1,0,2
1321,1.3,0,63,8,817,941,1464,1,1,1
1021,1.3,0,9,2,901,1793,1355,1,0,1
1339,2.3,1,40,2,212,1269,2382,0,1,2
1210,1.6,1,57,4,329,1039,1886,0,1,1
1949,0.5,1,31,5,837,1182,832,0,0,1
882,0.7,1,28,6,248,884,751,0,1,0
1549,1.5,1,27,5,632,1162,436,0,0,0
1991,2.2,1,42,1,366,613,722,1,0,0
796,0.5,0,12,1,174,518,1075,1,0,0
1012,0.5,1,39,4,882,1195,2802,1,0,2
1318,1.9,1,11,2,688,1591,1780,0,0,1
1708,0.8,0,14,4,263,1345,1247,0,0,1
598,0.8,1,62,8,118,764,3066,1,0,2
541,2.3,0,51,8,1012,1226,403,0,0,0
818,0.5,1,23,5,586,1552,2518,1,0,2
1414,0.5,0,15,2,294,1233,1069,0,0,0
601,1.7,1,6,4,818,1827,2651,0,1,2
561,2.8,1,40,7,426,865,2974,0,1,2
1616,2.3,1,52,5,151,1133,657,1,0,0
1263,1.4,1,32,2,409,644,3372,1,0,3
1604,1.9,1,63,5,641,1156,1464,1,0,1
539,2,1,24,4,958,967,1326,1,0,0
1071,2.6,0,49,4,1328,1970,3393,0,0,3
826,0.5,1,57,2,354,530,323,0,1,0
771,2.9,0,62,1,1709,1781,1628,1,0,1
1811,2.9,0,33,8,1099,1553,2610,1,0,3
1842,2.2,1,56,4,783,1227,3721,1,1,3
1420,2.8,1,50,8,194,1393,763,1,1,0
1763,0.5,1,10,3,238,1893,792,0,1,0
1163,1.9,0,2,5,919,1076,1568,0,0,1
1805,0.5,0,29,4,758,891,1276,1,0,1
610,1.6,1,52,4,1039,1273,3472,1,1,3
1533,1.1,1,17,4,1054,1393,2520,0,1,2
1924,0.5,0,63,2,122,686,3423,0,0,3
1801,0.5,1,52,6,100,1708,258,0,0,0
1726,1.9,0,42,5,1221,1804,1868,0,0,2
794,2.5,1,14,3,312,1376,2171,0,1,1
1686,0.5,1,28,5,599,1073,780,0,0,0
1444,2.1,1,6,1,1274,1340,712,0,0,0
1004,1.6,1,30,8,62,581,1012,1,1,0
1242,2.4,0,28,4,315,1796,318,0,0,0
539,1.5,0,26,6,1123,1709,3948,1,1,3
717,1.1,1,14,8,1878,1981,629,0,0,0
1540,0.7,1,29,7,318,831,1161,0,0,0
672,0.5,0,35,8,574,1267,1403,0,0,0
1325,0.5,0,13,4,1353,1915,3707,1,0,3
950,0.5,0,55,8,86,1681,1305,0,1,0
948,1.5,1,18,4,340,1728,2926,1,1,2
1328,0.5,0,27,3,602,1156,2674,0,1,2
1447,0.5,0,40,2,963,1062,471,0,1,0
1973,0.5,1,21,8,127,507,1724,0,1,1
1731,2.3,1,60,4,142,1039,1220,1,0,1
1617,1.5,0,63,2,274,1079,2754,1,1,2
1791,0.5,1,33,5,371,682,594,0,1,0
851,2.3,1,54,2,788,1007,1005,0,1,0
856,1.9,1,14,1,395,1027,2439,1,1,1
714,0.5,0,30,4,643,1527,2302,1,1,1
951,0.5,0,15,2,854,935,1083,1,0,0
1303,2.1,0,10,8,1335,1873,2219,1,1,2
1550,2.7,0,32,7,1541,1619,1571,0,0,2
1759,1.4,0,15,4,382,1163,2107,1,0,2
1448,0.5,1,2,5,846,1144,593,1,1,0
1987,1.9,0,50,8,960,1925,857,1,0,1
908,2.1,0,44,5,154,941,3518,1,1,3
820,0.5,1,58,4,468,694,1284,0,1,0
904,2.7,1,19,6,1094,1496,545,0,0,0
667,1.3,1,6,6,272,870,3566,0,1,2
1109,2.1,0,34,1,165,1103,2821,0,1,2
1333,1.4,0,59,7,394,1301,3442,1,0,3
1352,2.4,0,6,6,629,1299,1309,0,0,1
1600,2.5,1,19,6,831,1713,1179,0,1,1
1454,1.4,1,37,8,903,910,1713,0,0,1
1489,2.1,1,9,3,923,1759,1663,0,1,1
1823,2.8,1,10,8,362,1250,1812,1,1,2
1581,1,0,41,4,693,850,1384,1,1,1
1672,1.7,1,44,8,1250,1435,1348,1,1,1
1283,0.7,1,27,4,1135,1923,3957,0,0,3
630,2,0,14,8,66,1448,1212,0,0,0
659,2.2,0,24,8,924,1877,3925,1,1,3
1811,0.5,1,32,6,204,1132,348,0,1,0
688,2.5,0,40,5,376,1957,1382,1,0,1
514,2.9,1,18,2,1083,1492,980,0,1,0
1933,2.8,1,16,3,229,1473,838,1,0,0
915,2,0,31,3,875,1316,378,1,0,0
1006,2.2,1,22,4,35,991,909,0,1,0
1134,0.9,0,13,4,18,903,3632,1,0,3
599,2.9,0,64,8,103,646,3396,0,0,2
973,0.5,1,53,5,105,588,1861,1,0,1
1180,2.5,0,27,6,168,540,348,1,1,0
1237,2.5,0,13,4,18,1004,2528,0,0,2
659,0.5,1,5,8,659,730,2190,1,0,1
1142,1.4,1,6,8,534,855,663,1,1,0
1002,2.7,1,11,6,285,512,961,0,1,0
1392,2.5,0,44,4,482,1098,1280,0,1,1
602,0.9,0,50,8,1571,1717,2189,1,0,2
1249,0.5,0,55,3,605,1193,531,1,1,0
531,0.5,1,12,4,158,1657,2331,0,1,1
1450,2.1,0,31,5,1573,1639,794,1,1,1
1342,2.8,0,50,1,127,620,2644,1,1,2
832,0.5,0,22,1,343,1431,1666,1,1,1
867,1.5,0,57,4,289,724,2157,0,0,1
1404,2.1,0,44,1,1703,1880,1196,0,1,1
840,0.9,1,33,6,1482,1591,2072,1,0,2
1368,0.5,0,42,1,907,925,1590,0,0,1
1927,0.9,1,11,8,491,1506,2916,1,1,3
1714,0.5,1,31,2,287,627,3707,0,1,3
1201,0.5,0,10,6,1151,1723,726,1,0,0
1796,2.3,0,44,2,1024,1363,3577,1,0,3
1147,0.8,1,28,6,1085,1134,2627,0,1,2
776,1.7,0,20,4,991,1803,685,1,1,0
510,2.6,0,33,6,1052,1897,1693,1,0,1
1045,1.2,1,40,6,1078,1564,2137,0,1,2
1497,0.9,1,10,8,98,977,3696,0,1,3
1425,0.6,0,33,3,396,1648,3771,0,1,3
726,2.2,0,40,4,323,978,1342,1,1,0
1576,2,0,20,3,410,1551,1379,0,1,1
714,2.1,1,11,3,1750,1857,1164,1,0,1
1595,1.9,1,63,1,1475,1988,908,0,1,1
541,1,0,10,4,1836,1873,1019,1,0,1
1617,2.6,0,29,6,283,676,3685,0,0,3
1154,1.1,1,5,1,539,1240,1470,0,0,1
1638,1,0,2,1,440,563,2299,1,1,2
1150,2.7,0,39,8,397,800,999,1,0,0
1254,2.3,0,44,1,204,1021,3011,1,0,2
1806,2,1,54,1,347,727,3142,0,1,3
603,1.5,0,12,6,1003,1284,1543,1,0,1
1834,2.1,0,40,4,0,1987,3692,1,0,3
520,2.3,0,31,6,264,519,2753,0,1,1
565,0.6,1,50,2,543,703,2156,1,1,1
1689,0.5,0,9,5,467,675,2637,0,0,2
742,2.3,0,21,8,875,925,331,0,0,0
1143,1.2,1,22,3,1116,1724,1214,1,0,1
761,0.5,0,3,7,1325,1945,2248,1,1,2
959,1.3,1,36,5,1313,1331,3073,1,1,3
772,1.2,1,8,7,552,1802,422,0,0,0
1015,0.8,0,12,3,335,679,2293,1,0,1
1824,1.9,1,2,1,50,1105,3958,1,0,3
1130,0.5,1,29,1,593,1327,432,1,1,0
1183,0.5,1,48,8,268,1010,1152,0,0,0
574,2,1,26,6,382,1364,1303,0,1,0
1472,3,0,20,2,443,892,797,1,0,0
1868,0.5,0,40,8,576,884,298,1,0,0
1375,2.9,0,20,6,596,679,3847,0,1,3
881,1,0,64,3,115,636,2110,1,1,1
1742,0.5,1,43,3,356,1407,1921,1,0,2
1225,0.7,1,60,2,10,1567,2423,0,0,2
1970,0.5,1,15,2,1399,1684,1658,1,1,2
1186,0.5,1,21,8,68,584,2361,0,0,1
1762,0.7,0,60,4,643,790,1380,0,0,1
1731,1.4,1,4,6,809,1988,3892,1,1,3
852,1.8,1,8,5,683,1349,315,0,0,0
848,1.5,1,36,4,56,527,2289,1,1,1
1575,2.5,1,11,7,492,818,2182,1,0,2
1554,2.8,1,23,6,699,1492,2184,0,1,2
1972,1.6,0,48,8,290,804,2872,0,1,3
827,0.6,1,35,6,23,826,2367,0,1,1
1063,1.5,0,3,4,394,849,1919,1,0,1
1695,2.3,1,34,5,713,1742,3296,0,0,3
1343,2.4,1,14,8,1063,1205,462,1,1,0
834,0.5,0,27,1,1421,1463,1591,1,0,1
595,2.6,0,20,2,623,816,1593,0,1,0
1081,1.9,1,42,7,83,816,2456,0,0,1
911,1.4,1,14,4,1563,1692,2933,1,0,3
844,2.2,1,22,7,777,1995,3154,0,0,3
1335,3,0,60,2,83,559,3615,0,0,3
1883,1.6,0,24,1,203,915,3563,0,0,3
1128,0.5,1,33,8,938,1226,1440,0,0,1
826,2.4,1,57,2,1077,1183,1907,0,0,1
1650,2.3,0,38,1,773,881,324,1,1,0
1162,1,0,50,4,332,866,1404,1,1,1
1517,2.5,0,8,4,570,1645,2738,0,0,2
963,0.5,0,60,3,742,821,2722,0,0,2
1837,1,1,12,8,1420,1539,2294,0,1,3
1028,2.8,0,30,1,1801,1923,1424,0,1,1
1831,2.2,1,55,8,1693,1790,1133,1,0,1
571,2,1,58,6,31,1536,555,0,1,0
1770,2.3,0,9,6,1098,1373,3785,0,1,3
970,1.3,1,59,7,1765,1786,3675,0,0,3
642,0.5,0,38,5,887,1775,435,1,0,0
622,1.9,1,11,8,760,1964,3183,1,1,2
600,1.8,0,6,2,486,1032,3495,1,0,2
1412,0.6,0,57,3,2,660,1853,0,1,1
733,0.8,0,16,4,202,1787,2648,1,0,2
1070,3,0,19,7,90,1614,2647,1,0,2
875,0.7,1,30,8,469,853,702,1,1,0
1994,0.7,0,5,2,86,1546,1836,0,0,2
823,1,1,18,5,1180,1350,3894,1,0,3
1908,0.5,0,30,2,140,1046,2944,0,1,3
790,0.5,1,44,8,1100,1437,3424,1,0,3
1330,1.8,1,40,1,194,892,2678,1,1,2
1660,0.5,0,15,8,440,569,2424,1,0,2
1776,2.2,0,20,6,1563,1803,2671,1,1,3
1611,0.5,1,27,1,163,1011,3078,0,1,2
1410,0.5,1,15,3,192,1311,2304,1,0,2
1772,1.6,0,45,2,837,1405,1146,1,0,1
1280,1.3,0,39,7,356,588,2335,0,1,1
1712,0.9,1,23,7,155,663,1422,1,0,1
1562,0.7,0,55,8,1032,1776,2096,0,0,2
891,1.9,1,18,6,40,1435,1303,1,1,0
1957,1.2,1,36,2,1194,1727,1115,0,1,1
1110,0.6,0,42,5,1179,1262,456,1,0,0
875,1.4,1,43,8,902,969,3396,0,0,3
1211,1.2,0,28,2,58,963,2750,1,0,2
769,0.5,1,54,4,1385,1780,941,0,1,0
671,2.9,0,2,6,614,1617,2278,0,0,2
1872,0.5,0,26,4,672,1088,2273,0,1,2
1076,2.3,1,14,5,1088,1718,2355,1,1,2
1325,1.9,0,50,1,499,695,2328,0,0,2
911,2.2,1,28,2,157,763,2638,1,1,1
1273,0.7,0,23,6,485,1399,558,0,0,0
1062,0.5,0,39,4,571,817,1345,0,1,0
1317,1.5,0,12,2,431,542,425,1,1,0
940,2.9,0,16,4,499,1090,2192,1,1,1
729,2,0,14,6,563,1055,3397,0,1,2
1494,2.4,0,3,7,944,1003,1208,1,0,1
1546,1.6,1,27,2,1138,1491,267,1,0,0
1253,0.7,0,34,4,161,647,3518,1,1,3
895,0.5,1,16,8,126,1575,3122,0,1,2
793,1.9,1,43,8,15,1196,1050,1,1,0
1628,1.8,1,56,2,500,1713,3358,1,1,3
625,2.7,1,42,8,203,1771,2929,0,0,2
1110,1.5,0,12,8,961,1950,624,0,0,0
999,1.7,0,49,1,608,1970,1598,1,0,1
1856,0.5,1,24,5,277,1155,2052,1,0,2
1715,2.6,1,15,6,114,1849,1249,1,0,1
1897,1.9,0,54,2,630,738,412,0,0,0
1202,2.4,1,19,2,404,1742,595,0,0,0
1171,1.7,1,19,7,248,755,263,0,0,0
964,2,0,22,8,225,1234,2577,1,0,2
1973,2.4,1,46,4,699,851,639,0,1,0
1992,0.6,1,2,1,649,895,3206,1,0,3
546,2.6,1,26,5,416,1658,1550,1,0,1
1093,0.5,0,31,2,1310,1420,1646,1,0,1
1880,2,0,35,4,930,1983,1930,1,0,2
1765,1.1,0,11,2,835,1175,3695,0,0,3
1640,0.5,1,36,8,664,1806,3235,0,1,3
1830,0.5,0,7,6,460,1583,2334,1,0,2
826,0.6,0,62,4,778,1615,1998,0,0,1
1864,2.2,0,7,1,225,1545,2258,0,0,2
586,0.6,0,42,7,785,1118,1869,1,1,1
1206,3,1,30,3,1581,1713,1825,0,1,2
832,0.5,1,5,5,9,1944,3946,1,1,3
848,2.8,0,8,7,7,1294,436,1,1,0
1851,2.9,0,53,6,174,1175,2678,0,0,2
1166,0.5,0,59,1,437,638,3887,0,1,3
1776,2.1,1,35,4,278,623,1813,1,1,1
1254,1.2,0,27,2,1288,1372,817,1,1,0
1494,1.6,1,24,1,979,1190,3614,0,0,3
984,2.2,1,39,8,56,1931,2013,1,0,1
1179,0.8,0,5,5,913,1429,543,0,1,0
513,1.9,0,27,8,282,710,3400,1,1,2
557,0.5,1,17,6,322,710,2623,0,0,1
744,1.7,1,33,4,1252,1963,2700,0,0,2
1129,0.8,1,21,2,1128,1702,1400,1,0,1
1148,2.3,1,58,5,606,688,3127,0,0,2
1793,2.7,0,44,5,655,1459,2803,1,1,3
1310,2.3,1,15,5,954,970,2518,1,1,2
1604,1.2,0,6,6,68,1042,3564,1,0,3
1676,1.6,0,37,1,134,1197,2515,0,1,2
1001,2.8,1,40,3,922,1836,3654,1,1,3
1086,2.7,0,24,8,1874,1976,3930,1,1,3
1986,0.5,1,39,7,251,599,3476,1,0,3
634,0.8,0,41,1,1362,1853,3242,0,1,3
502,0.8,0,52,6,281,1159,2666,1,0,2
1641,1.1,0,48,8,224,1994,1695,0,1,2
623,1.4,1,15,3,778,844,3510,0,1,2
962,1.1,1,17,8,546,1424,3438,0,0,3
1057,2.7,0,41,4,397,891,2033,1,0,1
1862,1.5,0,62,1,386,1046,1017,0,0,1
555,3,1,38,2,214,1970,1686,0,1,1
1000,2.7,0,58,5,461,833,862,0,0,0
841,0.5,0,11,5,125,675,957,1,0,0
865,2.9,0,16,4,335,1009,3494,0,1,3
999,2.6,1,56,4,342,1641,3083,1,1,2
1232,1.2,0,30,6,625,761,1656,1,1,1
1194,2.3,0,34,2,494,509,313,1,0,0
612,0.5,1,20,8,1145,1487,3282,1,1,3
1362,2.9,0,47,6,600,1042,3629,1,1,3
1469,1.7,1,44,2,484,711,1687,1,1,1
986,0.8,0,28,4,199,679,1149,1,0,0
1843,2.8,0,62,3,21,832,3899,0,1,3
1561,0.5,1,4,2,885,1811,1783,1,0,2
1695,0.5,1,47,5,308,1208,1629,1,0,1
667,2.6,1,8,1,1015,1947,2528,1,0,2
1768,2,0,2,7,1303,1814,3256,1,0,3
1269,2.8,1,41,8,406,1036,2341,0,1,2
1109,2.8,1,57,1,124,833,2785,0,0,2
936,0.5,1,14,3,150,1677,3761,0,0,3
1713,2,0,5,6,108,1963,1513,0,1,1
1175,1.7,1,45,2,90,557,2240,1,0,1
1940,1,1,5,4,588,1809,820,1,1,1
855,0.5,0,59,2,1028,1196,1875,1,1,1
771,0.5,1,33,3,776,1247,920,1,1,0
645,2.5,0,63,4,278,584,3615,0,1,2
1307,1.8,0,7,7,897,1103,1412,0,1,1
1948,2.9,1,5,1,651,700,361,1,0,0
1509,0.6,1,50,4,1010,1684,1540,1,0,1
626,2.8,1,11,2,737,1759,1077,0,1,0
1190,2,1,40,5,1399,1646,3610,0,1,3
1727,2.1,1,57,6,376,1288,512,0,0,0
1670,3,0,62,8,1117,1330,3024,0,1,3
1150,0.5,1,27,1,234,1947,1610,0,0,1
1208,2.9,0,16,1,691,1028,2201,0,0,1
1812,1.3,1,42,7,380,1550,3338,1,1,3
770,1.5,1,61,4,603,1483,3473,0,1,3
1559,1.3,1,10,8,117,681,2203,1,1,1
1902,0.5,0,13,4,766,877,940,1,0,1
1751,2.5,0,4,8,1499,1952,1155,1,1,1
1416,1.8,1,20,4,1175,1578,3872,0,1,3
1288,0.5,1,61,6,988,1503,1882,0,1,2
1003,2.9,0,16,8,190,1905,1798,0,0,1
1715,0.5,1,18,6,674,1375,2598,0,0,3
1967,0.5,0,46,1,518,1374,1567,1,0,1
962,1,1,2,1,1618,1916,1491,0,0,1
1487,1.5,0,42,2,857,989,2003,0,0,2
1569,1.6,1,54,4,371,665,3905,0,0,3
1146,3,0,57,5,73,583,291,1,1,0
1379,1.5,0,9,8,98,755,1693,0,1,1
1504,1.9,1,25,4,395,1853,1788,0,1,1
1945,1.2,0,26,6,1064,1540,3322,0,1,3
1630,2.8,1,32,6,712,1726,1751,0,1,2
1125,2.7,0,23,1,774,939,1641,1,0,1
614,0.7,0,51,7,1012,1040,2854,0,1,2
854,1,0,17,4,730,1148,3115,0,0,2
1470,1.7,1,45,1,777,1090,3259,0,1,3
1826,0.5,1,49,8,973,1633,1612,1,0,2
807,0.5,1,37,4,245,829,2319,0,0,1
1996,2.8,1,7,5,937,1083,1258,0,0,1
1083,2,0,41,5,937,1164,1543,0,1,1
1035,0.5,1,49,2,574,1171,3991,0,0,3
1521,1.6,0,62,1,678,1630,3555,0,0,3
1314,2.8,1,5,4,82,512,3411,0,0,3
535,1.9,0,24,8,398,1775,524,0,0,0
673,1.9,0,35,6,1096,1570,3541,0,1,3
1219,1.6,1,4,6,1419,1698,1998,0,0,2
1606,0.5,1,33,5,157,770,3437,0,0,3
1603,0.5,1,17,2,430,1207,1637,0,1,1
1958,0.5,0,52,1,1524,1848,3064,0,0,3
695,0.5,0,12,2,1649,1829,2855,1,1,2
1441,0.6,1,53,1,254,954,1393,1,1,1
1470,2.2,1,33,7,1790,1988,1633,0,0,2
1890,1.1,0,48,4,1438,1832,2392,0,1,3
1152,2.1,1,26,2,1304,1673,3284,0,1,3
1619,0.9,0,20,6,813,1180,464,0,1,0
1002,1.8,0,45,7,948,1007,1234,1,0,0
742,0.5,0,36,3,1161,1288,292,1,1,0
1306,2.1,1,33,3,867,1258,2521,0,0,2
1424,2.9,1,20,5,181,1199,2658,0,0,2
942,1.4,1,27,4,754,1532,587,1,1,0
1934,2.7,0,2,4,242,1127,2190,0,1,2
1290,1.4,1,35,4,405,742,879,0,0,0
930,2.1,1,54,1,1569,1763,1743,1,0,2
1699,0.5,0,21,4,105,1099,1181,1,0,1
1849,0.5,0,29,7,978,1986,3330,0,1,3
1922,0.5,0,42,8,725,1882,3564,0,0,3
548,1,1,56,4,657,1657,562,1,1,0
916,0.5,0,47,4,1147,1393,1659,1,0,1
1783,0.5,0,14,8,910,1566,1816,0,1,2
1083,1.4,1,49,5,295,503,1338,1,1,0
1698,2.8,0,7,8,26,508,2992,1,0,2
1969,0.8,1,7,8,332,764,315,1,0,0
869,1.9,0,2,7,519,533,3249,0,1,2
1337,2.7,1,5,4,161,1029,3242,1,0,2
637,0.8,1,28,4,1080,1289,2725,0,0,2
833,0.6,1,27,4,649,1290,586,0,1,0
1248,2.4,0,9,3,71,1686,2454,1,0,2
1174,0.9,0,30,4,744,1244,804,1,1,0
1831,2.3,0,44,7,437,1113,2460,0,0,2
1002,2.6,1,27,1,115,1111,1295,0,1,0
1010,2,1,8,5,547,957,2625,1,0,2
1117,0.5,1,21,2,495,1035,1999,0,1,1
990,2.7,1,15,2,1466,1717,2698,0,0,2
1564,1.4,0,26,6,117,1115,3742,1,0,3
1065,2.8,1,21,5,760,1722,1193,0,1,1
1982,1.1,0,24,7,764,1873,3511,1,1,3
1607,1.1,1,20,2,776,1005,885,1,0,0
1066,3,1,5,5,53,1504,1044,0,0,0
681,0.5,1,17,5,371,1702,2548,0,1,2
1163,2.1,1,19,2,728,818,2940,0,1,2
1285,0.8,1,11,5,1791,1896,3966,1,1,3
753,0.5,0,48,8,606,1316,3484,0,0,3
1779,2.6,1,5,1,1225,1717,1246,1,0,1
987,1.9,0,52,3,419,736,2757,1,0,2
511,0.9,1,24,3,367,1264,2378,0,0,1
1044,1.8,0,12,6,1230,1263,1794,1,1,1
1855,0.5,0,32,8,267,1161,3933,0,1,3
946,1.4,0,26,6,273,891,1637,0,1,0
657,1.9,1,21,8,705,1905,783,1,0,0
1673,1.6,0,42,5,214,679,3094,0,0,2
731,0.5,1,28,8,424,1032,1774,0,0,1
926,0.8,0,59,7,84,793,256,0,1,0
1261,0.5,0,52,2,605,1429,1365,0,1,1
618,1.1,0,45,3,1175,1586,2339,1,0,2
936,2.3,0,57,2,657,938,2049,1,0,1
1485,0.9,1,28,5,371,1023,3241,1,0,3
1339,0.5,1,21,4,833,1441,867,1,0,0
508,1.3,0,50,5,102,1195,2175,0,1,1
1938,0.5,1,44,2,1299,1935,3497,1,0,3
995,1.3,1,10,4,258,1889,609,0,1,0
1086,1.7,1,43,6,56,1150,3285,1,0,2
1322,2.3,1,35,1,443,708,3684,0,0,3
1864,1.9,1,57,6,1279,1793,3586,0,1,3
1944,0.5,0,26,4,313,712,2322,0,1,2
581,0.6,0,56,2,523,565,354,1,1,0
1020,0.7,1,27,4,919,1482,3204,0,1,3
1936,1.3,0,44,3,570,1021,1400,0,1,1
1329,1.7,0,23,8,380,682,2308,1,0,1
808,0.5,1,46,8,119,529,1082,0,1,0
994,1.2,1,40,2,296,839,3104,0,0,2
1811,2,0,22,2,358,614,2847,0,1,2
765,2.5,0,44,8,1364,1851,2256,1,1,2
993,2.3,1,16,7,424,1639,1113,0,1,0
1136,1.6,0,32,6,961,1030,3210,1,1,3
719,0.5,1,23,6,431,1727,3990,1,1,3
733,0.6,1,63,7,950,1739,984,0,1,0
1946,2.7,1,8,8,647,1849,3117,0,0,3
1230,1.6,0,48,7,1960,1963,1622,1,1,2
1577,1,1,64,3,116,1432,2967,1,1,3
1514,1.4,0,12,3,306,538,1037,0,1,0
579,2.5,0,7,8,808,1517,2908,0,1,2
574,3,0,30,2,94,1334,1167,0,0,0
1072,2.2,1,19,8,380,877,2715,1,0,2
843,1.3,1,16,7,593,732,1734,0,1,1
1492,1.5,0,11,3,1684,1746,2259,1,1,3
1807,2.9,0,16,3,1221,1415,2921,1,0,3
909,0.7,1,47,3,410,1643,1244,1,0,0
1876,1.3,1,64,3,600,1211,3132,1,1,3
1436,2.4,1,23,5,189,1411,2488,0,0,2
1251,0.5,1,29,6,308,591,1052,0,0,0
636,0.5,0,28,2,148,742,2927,0,0,2
1354,0.7,1,26,4,297,918,2090,1,0,1
930,0.5,1,34,4,1050,1726,2131,0,1,2
1830,1,0,47,1,1191,1882,3362,0,0,3
1424,0.5,1,23,4,1399,1663,1053,1,1,1
583,0.9,1,51,8,1658,1794,1799,1,0,1
648,0.5,1,54,5,1153,1817,3124,0,0,3
1203,0.5,1,11,2,35,510,1672,1,0,0
1777,2.2,1,15,4,553,874,1552,1,0,1
1299,2.8,1,64,6,46,908,1938,0,1,1
1494,1.9,0,47,2,207,1177,3202,0,0,3
527,0.7,1,53,1,67,1924,1302,0,0,0
793,2.8,1,64,4,818,1006,2296,1,0,1
873,0.5,1,8,7,1257,1411,575,0,1,0
722,1.1,0,12,6,138,1371,2359,0,0,1
1250,1.5,0,20,5,11,1020,3314,1,1,2
1358,1.7,0,60,3,889,1635,440,0,0,0
1035,1.9,1,11,6,831,1709,2002,1,0,1
1289,0.8,1,16,6,713,1854,3167,1,0,3
1445,2.2,1,37,2,527,1393,3480,1,1,3
1702,2.3,1,47,2,1284,1643,595,0,1,1
534,0.5,1,2,5,911,1220,2466,1,1,2
628,1.8,0,60,6,1047,1534,1337,1,0,1
713,1.4,1,53,1,123,1477,1462,0,1,0
1207,0.5,0,58,8,406,681,503,1,0,0
683,2.1,0,30,7,927,1135,2066,0,0,1
594,2.6,0,27,5,407,528,708,1,1,0
537,2,0,55,7,1041,1430,2029,1,1,1
1565,0.5,0,38,5,781,1364,308,1,1,0
1052,0.9,0,6,4,1191,1839,552,0,1,0
713,1.6,0,63,2,103,1760,2082,0,0,1
1766,0.5,1,16,5,125,1227,3314,0,1,3
584,1.7,1,19,4,919,1343,3996,1,1,3
1541,1.5,1,5,4,536,1656,1795,1,1,1
837,2.4,1,51,5,638,1831,594,0,1,0
935,0.5,1,58,5,639,1087,2473,0,1,2
665,0.7,0,31,5,496,1804,690,0,0,0
680,2.4,0,34,2,686,1418,3845,1,1,3
877,1.5,1,17,7,1064,1985,2004,1,1,1
1493,1.5,1,53,5,240,1414,2083,1,1,2
1762,0.6,0,26,6,525,704,2661,1,0,2
842,1.8,1,57,3,348,730,1903,1,0,1
925,2.1,0,56,1,1262,1520,2466,0,0,2
1692,2.1,0,2,1,1899,1904,3779,1,1,3
1576,2.2,0,5,3,258,789,3904,1,1,3
1065,1.7,1,48,6,1188,1948,265,0,0,0
958,1.6,0,60,1,730,751,1417,0,1,0
623,0.8,0,26,7,484,1238,1769,0,0,1
897,1.4,1,17,1,547,1852,2948,0,1,2
1110,1.5,0,41,3,800,1455,2572,0,1,2
616,2.2,0,21,7,347,513,3267,0,0,2
1680,1.2,1,37,4,679,1231,1459,1,0,1
1715,1.3,0,12,8,1224,1676,1633,1,1,2
983,0.6,1,45,4,948,1205,2052,0,1,1
720,0.9,1,14,4,366,1234,1086,1,0,0
1660,0.6,0,24,2,223,1777,2402,1,1,2
1564,1.5,1,42,2,1619,1962,3376,1,0,3
592,0.8,1,52,7,332,970,1507,0,1,0
969,1.8,1,44,3,167,909,641,0,1,0
1356,0.5,1,35,1,782,951,3451,1,1,3
504,1,0,14,7,881,1129,1607,1,1,0
1546,0.5,1,6,1,91,1317,3521,0,0,3
689,2.9,1,7,2,487,722,1241,0,0,0
1685,0.6,0,16,7,120,1429,881,1,1,0
1792,1,0,62,7,1626,1913,2563,0,1,3
1786,1.2,0,61,3,74,865,3033,1,0,3
1944,0.6,1,59,7,634,1079,769,0,1,0
1077,2.5,0,49,4,334,1079,3454,0,1,3
648,1.8,0,60,4,931,1811,819,0,0,0
1702,0.5,1,2,6,921,1351,435,1,1,0
1571,2.9,0,30,7,805,956,586,1,1,0
856,1.1,1,19,6,1057,1931,650,0,1,0
1786,2.6,0,14,4,616,912,3038,0,0,3
914,0.7,0,60,5,740,840,3736,0,0,3
1615,2.8,0,9,1,542,678,2948,1,0,2
649,1.4,0,19,7,344,1551,739,1,0,0
1646,2.5,0,25,2,211,1608,686,1,0,0
1189,1.9,0,7,2,79,615,841,1,0,0
1043,2.7,0,29,8,887,893,1183,0,0,0
1920,0.6,1,19,3,670,1152,3943,1,0,3
1220,2.8,0,54,7,383,1249,1037,0,0,0
1748,0.5,1,53,4,718,1109,2633,0,0,2
907,2.6,1,44,3,144,896,3911,0,0,3
1193,2.3,0,20,7,1442,1904,1958,0,0,2
1766,0.5,1,22,8,291,1318,3297,0,0,3
1278,1,0,24,3,1352,1775,3141,1,1,3
1234,1.7,1,17,6,209,725,3351,0,1,2
1961,1.5,0,55,7,861,1888,2355,1,1,3
1745,2.9,0,3,3,426,1629,1308,1,0,1
1442,0.6,1,27,5,266,642,991,0,0,0
1083,2.9,1,39,8,523,542,3248,0,1,2
868,0.9,0,5,4,40,1311,1519,0,1,0
864,1.6,1,53,6,262,1436,493,1,0,0
1142,1.2,0,2,6,623,769,1747,1,0,1
608,0.5,1,64,4,4,1351,2517,1,1,1
983,1.8,0,53,1,1001,1176,1389,1,1,1
1720,1.6,0,2,5,334,896,2522,0,1,2
1802,1.2,1,27,5,453,963,1885,1,0,2
591,2.1,1,16,7,952,1726,704,1,1,0
1205,2.7,0,10,6,321,1870,953,1,1,0
1369,1.7,1,28,1,1451,1469,3206,0,0,3
713,0.9,1,42,1,1048,1123,928,0,1,0
1082,2.3,1,2,4,398,724,2177,1,0,1
1719,2.1,1,52,3,417,520,2610,1,1,2
1544,2.4,0,12,7,470,844,489,0,1,0
1090,2.3,0,8,8,1217,1670,3839,0,1,3
1991,2.8,0,15,1,298,1037,1861,1,1,1
1367,2.9,0,56,2,36,642,299,1,0,0
1179,0.5,0,32,2,85,1451,340,0,0,0
721,2.7,1,15,5,655,1255,3606,1,1,3
1549,1.8,1,62,4,167,990,799,0,1,0
1349,2.1,1,46,6,212,623,2367,0,1,1
1799,1,0,30,3,617,1386,445,1,0,0
1075,0.5,1,11,1,271,1769,3927,0,0,3
684,0.9,1,63,5,159,1738,3756,1,1,3
1837,0.5,0,36,4,786,872,770,0,1,0
1619,1.9,0,21,1,46,562,1641,0,0,1
965,1.4,0,13,8,645,1275,2343,0,0,2
730,1.5,0,9,4,1371,1677,2787,0,1,2
1361,1.4,0,47,5,881,1382,2495,0,1,2
1494,1.6,0,45,5,449,790,3208,0,0,3
1027,0.8,0,18,7,338,534,1234,0,1,0
1807,0.8,1,38,8,1332,1814,1069,0,0,1
709,2.4,1,11,5,119,1531,3568,0,1,3
689,1.4,0,45,5,256,823,3585,0,0,3
955,0.5,0,2,4,428,1254,1974,1,0,1
1872,1.9,0,35,3,1546,1879,2419,0,0,3
1259,1.2,1,13,2,1210,1989,340,0,1,0
695,1.2,0,41,8,789,1211,2282,1,0,1
1969,1.2,1,63,4,390,756,298,1,0,0
759,2.5,0,39,2,110,1317,968,0,0,0
936,1,0,18,3,1330,1686,2391,1,1,2
1176,2.1,0,62,2,674,1455,1534,0,0,1
1802,2.7,1,10,7,253,590,696,1,0,0
772,1,1,23,7,317,1805,2782,0,0,2
1318,2.4,0,45,2,183,661,755,0,1,0
591,0.5,1,16,6,892,1603,3746,1,0,3
569,2.5,1,41,1,388,605,2651,0,0,1
764,1,1,45,8,52,539,1341,0,0,0
1056,2.1,1,37,3,914,979,2651,1,1,2
1982,1.6,0,12,5,287,593,1824,1,1,1
1830,0.5,0,14,6,773,1353,1905,1,1,2
1122,0.5,0,40,7,675,1163,1456,1,0,1
1023,0.7,0,63,7,367,1985,3155,1,1,3
1283,2.4,1,33,3,510,980,773,1,0,0
1602,1.6,1,35,7,1325,1800,1829,0,0,2
732,1.3,0,32,8,1661,1836,3883,0,1,3
1854,0.9,1,33,1,665,718,1675,0,1,1
718,1.6,1,30,3,662,997,1601,1,1,1
897,2,0,2,8,0,994,1958,1,0,1
1405,1.7,0,8,4,284,1036,2376,1,0,2
798,0.6,1,21,2,661,1951,1647,0,0,1
1035,2.7,0,40,5,757,1912,3548,1,1,3
1396,0.6,0,37,4,560,1177,2694,0,1,2
1749,0.5,1,49,1,470,775,2195,0,1,2
1588,2.5,0,4,5,146,822,2506,0,0,2
1600,0.5,0,16,4,1315,1710,2073,1,0,2
1522,2.2,0,21,6,533,1696,3767,0,1,3
1279,2.5,0,7,6,560,1633,1150,0,0,1
719,2.9,0,6,6,405,1141,841,0,0,0
544,0.5,1,7,5,227,610,1675,1,0,0
1007,2.9,1,21,8,479,831,1301,1,0,0
590,1.2,1,32,6,227,509,1817,1,0,0
1788,0.5,0,6,6,149,1022,2321,1,0,2
748,1.4,0,25,7,88,709,1974,1,1,1
757,0.9,1,64,7,114,819,3433,1,0,2
1561,1.6,1,27,3,662,874,1205,1,0,1
1327,2.8,0,23,7,441,1721,872,1,1,0
797,1.5,1,18,8,888,1466,2052,1,1,1
727,2.5,1,64,1,664,711,3654,1,0,3
686,2.7,1,36,4,64,745,1503,0,0,0
1515,2.1,1,24,5,747,1247,3104,0,0,3
555,0.5,1,17,5,956,1010,343,1,1,0
1589,0.6,0,5,5,776,1397,3430,1,1,3
1976,2.6,1,45,4,652,1933,2470,0,0,3
1884,1,1,24,6,1168,1179,1396,1,1,1
1063,2,0,27,6,201,582,2668,0,0,2
672,0.6,1,61,5,724,1127,1457,0,1,0
635,0.5,0,16,7,599,1299,2452,0,0,2
1906,1.9,1,55,3,3,629,1871,0,1,1
1753,0.7,0,40,4,1652,1983,1112,1,1,1
659,1.4,1,3,8,190,657,967,0,1,0
1583,1.2,1,14,2,1171,1673,2498,0,1,2
1783,2.9,1,42,6,1081,1979,387,1,0,1
1667,1,1,21,2,1211,1396,635,0,0,0
640,1.3,1,6,8,976,1353,2711,1,0,2
1913,1.8,0,29,5,675,742,2023,1,0,2
538,1.1,1,25,7,455,537,2215,1,1,1
1191,0.8,0,46,6,42,807,824,0,0,0
816,3,1,9,1,1196,1651,3851,0,1,3
915,0.5,1,33,2,503,986,2156,1,0,1
1157,0.8,0,27,8,1694,1798,2885,0,1,3
1201,0.5,0,10,7,306,558,495,1,1,0
1379,1.1,1,18,2,838,885,2358,1,0,2
1483,2.2,0,53,5,291,651,1744,0,0,1
1614,1.2,0,9,3,173,1219,1832,0,0,1
930,1,1,4,8,1017,1289,2016,1,1,1
1454,2.6,0,6,3,698,1018,1300,0,1,1
1784,1.6,0,41,6,610,1437,2313,1,0,2
1262,1.8,1,34,5,223,737,3248,1,1,2
797,2.2,1,37,7,206,1167,2216,0,0,1
1829,2.1,0,59,5,1457,1919,3142,1,1,3
1139,0.9,1,58,2,742,999,1850,0,0,1
618,1,0,13,4,591,724,1424,1,0,0
1547,2.9,0,57,1,347,957,1620,1,1,1
586,2.8,0,15,3,241,854,2592,0,0,1
1617,2.4,0,36,1,743,1426,296,0,0,0
1882,2,0,44,8,4,743,3579,1,0,3
674,2.9,1,21,3,576,1809,1180,1,1,0
1467,0.5,0,18,5,888,1099,3962,1,1,3
858,2.2,0,50,1,528,1416,3978,1,0,3
794,0.5,1,2,6,1222,1890,668,1,0,0
1965,2.6,1,39,4,915,1965,2032,1,1,2
1911,0.9,1,36,8,868,1632,3057,1,0,3
1512,0.9,0,46,5,336,670,869,1,1,0
510,2,1,45,6,483,754,3919,1,1,3
